"Position","Group","Category","Application","Presence","CatalogKey","PrimaryCategory","Priority","EvidenceType","EvidenceURL","InstallationEvidence","Note","ReviewedOn","Audience"
"1","Everyday","Browsers","Brave","Present","app8","Browsers","Existing coverage","Current Patch My PC support list","https://patchmypc.com/product/home-updater/","Brave.Brave","Catalog presence only; installation and continued publisher support were not re-tested.","2026-10-01","Everyday / creator workflow"
"2","Everyday","Browsers","Chrome","Present","winutil_chrome","Browsers","Existing coverage","Current Patch My PC support list","https://patchmypc.com/product/home-updater/","Google.Chrome","Catalog presence only; installation and continued publisher support were not re-tested.","2026-10-01","Everyday / creator workflow"
"3","Everyday","Browsers","Chromium","Present","winutil_chromium","Browsers","Existing coverage","Existing catalog metadata","https://www.chromium.org/","Hibbiki.Chromium","Catalog presence only; installation and continued publisher support were not re-tested.","2026-10-01","Everyday / creator workflow"
"4","Everyday","Browsers","Edge","Present","winutil_edge","Browsers","Existing coverage","Existing catalog metadata","https://www.microsoft.com/edge","Microsoft.Edge","Catalog presence only; installation and continued publisher support were not re-tested.","2026-10-01","Everyday / creator workflow"
"5","Everyday","Browsers","Firefox","Present","extra_firefox","Browsers","Existing coverage","Current Patch My PC support list","https://patchmypc.com/product/home-updater/","Mozilla.Firefox","Catalog presence only; installation and continued publisher support were not re-tested.","2026-10-01","Everyday / creator workflow"
"6","Everyday","Browsers","Firefox ESR","Present","winutil_firefoxesr","Browsers","Existing coverage","Current Patch My PC support list","https://patchmypc.com/product/home-updater/","Mozilla.Firefox.ESR","Catalog presence only; installation and continued publisher support were not re-tested.","2026-10-01","Everyday / creator workflow"
"7","Everyday","Browsers","Floorp","Present","winutil_floorp","Browsers","Existing coverage","Existing catalog metadata","https://floorp.app/","Ablaze.Floorp","Catalog presence only; installation and continued publisher support were not re-tested.","2026-10-01","Everyday / creator workflow"
"8","Everyday","Browsers","Helium","Present","helium","Browsers","Existing coverage","Existing catalog metadata","","ImputNet.Helium","Catalog presence only; installation and continued publisher support were not re-tested.","2026-10-01","Everyday / creator workflow"
"9","Everyday","Browsers","LibreWolf","Present","extra_librewolf","Browsers","Existing coverage","Existing catalog metadata","https://librewolf.net/","LibreWolf.LibreWolf","Catalog presence only; installation and continued publisher support were not re-tested.","2026-10-01","Everyday / creator workflow"
"10","Everyday","Browsers","Mullvad Browser","Present","winutil_mullvadbrowser","Browsers","Existing coverage","Existing catalog metadata","https://mullvad.net/browser","MullvadVPN.MullvadBrowser","Catalog presence only; installation and continued publisher support were not re-tested.","2026-10-01","Everyday / creator workflow"
"11","Everyday","Browsers","Opera","Present","daily_opera","Browsers","Existing coverage","Existing catalog metadata","https://www.opera.com/browsers/opera","Opera.Opera","Catalog presence only; installation and continued publisher support were not re-tested.","2026-10-01","Everyday / creator workflow"
"12","Everyday","Browsers","Tor Browser","Present","extra_tor","Browsers","Existing coverage","Current Patch My PC support list","https://patchmypc.com/product/home-updater/","TorProject.TorBrowser","Catalog presence only; installation and continued publisher support were not re-tested.","2026-10-01","Everyday / creator workflow"
"13","Everyday","Browsers","Ungoogled Chromium","Present","winutil_ungoogled","Browsers","Existing coverage","Existing catalog metadata","https://github.com/Eloston/ungoogled-chromium","eloston.ungoogled-chromium","Catalog presence only; installation and continued publisher support were not re-tested.","2026-10-01","Everyday / creator workflow"
"14","Everyday","Browsers","Vivaldi","Present","winutil_vivaldi","Browsers","Existing coverage","Current Patch My PC support list","https://patchmypc.com/product/home-updater/","Vivaldi.Vivaldi","Catalog presence only; installation and continued publisher support were not re-tested.","2026-10-01","Everyday / creator workflow"
"15","Everyday","Browsers","Waterfox","Present","winutil_waterfox","Browsers","Existing coverage","Current Patch My PC support list","https://patchmypc.com/product/home-updater/","Waterfox.Waterfox","Catalog presence only; installation and continued publisher support were not re-tested.","2026-10-01","Everyday / creator workflow"
"16","Everyday","Browsers","Zen Browser","Present","app7","Browsers","Existing coverage","Existing catalog metadata","","Zen-Team.Zen-Browser","Catalog presence only; installation and continued publisher support were not re-tested.","2026-10-01","Everyday / creator workflow"
"17","Everyday","Browsers","FlashPeak Slimjet","Missing","","","Complementary candidate","Current Patch My PC support list","https://patchmypc.com/product/home-updater/","Not validated","Support-list presence confirms a Windows distribution signal, not popularity, maintenance or an install test.","2026-10-01","Everyday / creator workflow"
"18","Everyday","Browsers","Maxthon","Missing","","","Complementary candidate","Current Patch My PC support list","https://patchmypc.com/product/home-updater/","Not validated","Support-list presence confirms a Windows distribution signal, not popularity, maintenance or an install test.","2026-10-01","Everyday / creator workflow"
"19","Everyday","Browsers","Opera GX","Missing","","","Complementary candidate","Current Patch My PC support list","https://patchmypc.com/product/home-updater/","Not validated","Support-list presence confirms a Windows distribution signal, not popularity, maintenance or an install test.","2026-10-01","Everyday / creator workflow"
"20","Everyday","Browsers","Pale Moon","Missing","","","Complementary candidate","Current Patch My PC support list","https://patchmypc.com/product/home-updater/","Not validated","Support-list presence confirms a Windows distribution signal, not popularity, maintenance or an install test.","2026-10-01","Everyday / creator workflow"
"21","Everyday","Browsers","SeaMonkey","Missing","","","Complementary candidate","Current Patch My PC support list","https://patchmypc.com/product/home-updater/","Not validated","Support-list presence confirms a Windows distribution signal, not popularity, maintenance or an install test.","2026-10-01","Everyday / creator workflow"
"22","Everyday","Browsers","SRWare Iron","Missing","","","Complementary candidate","Current Patch My PC support list","https://patchmypc.com/product/home-updater/","Not validated","Support-list presence confirms a Windows distribution signal, not popularity, maintenance or an install test.","2026-10-01","Everyday / creator workflow"
"23","Everyday","Browsers","Thorium","Missing","","","Complementary candidate","Current Patch My PC support list","https://patchmypc.com/product/home-updater/","Not validated","Support-list presence confirms a Windows distribution signal, not popularity, maintenance or an install test.","2026-10-01","Everyday / creator workflow"
"24","Everyday","Browsers","Yandex","Missing","","","Complementary candidate","Current Patch My PC support list","https://patchmypc.com/product/home-updater/","Not validated","Support-list presence confirms a Windows distribution signal, not popularity, maintenance or an install test.","2026-10-01","Everyday / creator workflow"
"1","Everyday","Chat & Email","Beeper","Present","app2","Chat & Email","Existing coverage","Existing catalog metadata","","Beeper.Beeper","Catalog presence only; installation and continued publisher support were not re-tested.","2026-10-01","Everyday / creator workflow"
"2","Everyday","Chat & Email","Betterbird","Present","winutil_betterbird","Chat & Email","Existing coverage","Current Patch My PC support list","https://patchmypc.com/product/home-updater/","Betterbird.Betterbird","Catalog presence only; installation and continued publisher support were not re-tested.","2026-10-01","Everyday / creator workflow"
"3","Everyday","Chat & Email","Chatterino","Present","winutil_chatterino","Chat & Email","Existing coverage","Existing catalog metadata","https://www.chatterino.com/","ChatterinoTeam.Chatterino","Catalog presence only; installation and continued publisher support were not re-tested.","2026-10-01","Everyday / creator workflow"
"4","Everyday","Chat & Email","Discord","Present","app3","Chat & Email","Existing coverage","Current Patch My PC support list","https://patchmypc.com/product/home-updater/","Discord.Discord","Catalog presence only; installation and continued publisher support were not re-tested.","2026-10-01","Everyday / creator workflow"
"5","Everyday","Chat & Email","Dorion","Present","winutil_dorion","Chat & Email","Existing coverage","Existing catalog metadata","https://spikehd.dev/projects/dorion/","SpikeHD.Dorion","Catalog presence only; installation and continued publisher support were not re-tested.","2026-10-01","Everyday / creator workflow"
"6","Everyday","Chat & Email","Element","Present","extra_matrix","Chat & Email","Existing coverage","Current Patch My PC support list","https://patchmypc.com/product/home-updater/","Element.Element","Catalog presence only; installation and continued publisher support were not re-tested.","2026-10-01","Everyday / creator workflow"
"7","Everyday","Chat & Email","eM Client","Present","daily_em_client","Chat & Email","Existing coverage","Current Patch My PC support list","https://patchmypc.com/product/home-updater/","eMClient.eMClient","Catalog presence only; installation and continued publisher support were not re-tested.","2026-10-01","Everyday / creator workflow"
"8","Everyday","Chat & Email","Mumble","Present","daily_mumble","Chat & Email","Existing coverage","Current Patch My PC support list","https://patchmypc.com/product/home-updater/","https://www.mumble.info/downloads/","Catalog presence only; installation and continued publisher support were not re-tested.","2026-10-01","Everyday / creator workflow"
"9","Everyday","Chat & Email","Outlook for Windows","Present","daily_outlook_for_windows","Chat & Email","Existing coverage","Existing catalog metadata","https://www.microsoft.com/en-us/microsoft-365/outlook/outlook-for-windows","https://www.microsoft.com/en-us/microsoft-365/outlook/outlook-for-windows","Catalog presence only; installation and continued publisher support were not re-tested.","2026-10-01","Everyday / creator workflow"
"10","Everyday","Chat & Email","Proton Mail","Present","winutil_protonmail","Chat & Email","Existing coverage","Existing catalog metadata","https://proton.me/mail","Proton.ProtonMail","Catalog presence only; installation and continued publisher support were not re-tested.","2026-10-01","Everyday / creator workflow"
"11","Everyday","Chat & Email","QTox","Present","winutil_qtox","Chat & Email","Existing coverage","Existing catalog metadata","https://qtox.github.io/","Tox.qTox","Catalog presence only; installation and continued publisher support were not re-tested.","2026-10-01","Everyday / creator workflow"
"12","Everyday","Chat & Email","Signal","Present","extra_signal","Chat & Email","Existing coverage","Current Patch My PC support list","https://patchmypc.com/product/home-updater/","OpenWhisperSystems.Signal","Catalog presence only; installation and continued publisher support were not re-tested.","2026-10-01","Everyday / creator workflow"
"13","Everyday","Chat & Email","Slack","Present","winutil_slack","Chat & Email","Existing coverage","Existing catalog metadata","https://slack.com/","SlackTechnologies.Slack","Catalog presence only; installation and continued publisher support were not re-tested.","2026-10-01","Everyday / creator workflow"
"14","Everyday","Chat & Email","Teams","Present","winutil_teams","Chat & Email","Existing coverage","Existing catalog metadata","https://www.microsoft.com/en-us/microsoft-teams/group-chat-software","Microsoft.Teams","Catalog presence only; installation and continued publisher support were not re-tested.","2026-10-01","Everyday / creator workflow"
"15","Everyday","Chat & Email","TeamSpeak 3","Present","ts3","Chat & Email","Existing coverage","Existing catalog metadata","","TeamSpeakSystems.TeamSpeakClient","Catalog presence only; installation and continued publisher support were not re-tested.","2026-10-01","Everyday / creator workflow"
"16","Everyday","Chat & Email","TeamSpeak 6","Present","winutil_teamspeak6","Chat & Email","Existing coverage","Existing catalog metadata","https://www.teamspeak.com/","TeamSpeakSystems.TeamSpeakClient.Beta.6","Catalog presence only; installation and continued publisher support were not re-tested.","2026-10-01","Everyday / creator workflow"
"17","Everyday","Chat & Email","Telegram Desktop","Present","extra_telegram","Chat & Email","Existing coverage","Existing catalog metadata","https://telegram.org/","Telegram.TelegramDesktop","Catalog presence only; installation and continued publisher support were not re-tested.","2026-10-01","Everyday / creator workflow"
"18","Everyday","Chat & Email","Thunderbird","Present","extra_thunderbird","Chat & Email","Existing coverage","Current Patch My PC support list","https://patchmypc.com/product/home-updater/","Mozilla.Thunderbird","Catalog presence only; installation and continued publisher support were not re-tested.","2026-10-01","Everyday / creator workflow"
"19","Everyday","Chat & Email","Vesktop","Present","winutil_vesktop","Chat & Email","Existing coverage","Existing catalog metadata","https://vesktop.dev","Vencord.Vesktop","Catalog presence only; installation and continued publisher support were not re-tested.","2026-10-01","Everyday / creator workflow"
"20","Everyday","Chat & Email","Viber","Present","winutil_viber","Chat & Email","Existing coverage","Current Patch My PC support list","https://patchmypc.com/product/home-updater/","Rakuten.Viber","Catalog presence only; installation and continued publisher support were not re-tested.","2026-10-01","Everyday / creator workflow"
"21","Everyday","Chat & Email","Webex","Present","daily_webex","Chat & Email","Existing coverage","Existing catalog metadata","https://github.com/microsoft/winget-pkgs/tree/master/manifests/c/Cisco/Webex","Cisco.Webex","Catalog presence only; installation and continued publisher support were not re-tested.","2026-10-01","Everyday / creator workflow"
"22","Everyday","Chat & Email","WhatsApp Desktop","Present","winutil_whatsapp","Chat & Email","Existing coverage","Existing catalog metadata","https://www.whatsapp.com/download","https://apps.microsoft.com/detail/9NKSQGP7F2NH","Catalog presence only; installation and continued publisher support were not re-tested.","2026-10-01","Everyday / creator workflow"
"23","Everyday","Chat & Email","Zoom","Present","winutil_zoom","Chat & Email","Existing coverage","Current Patch My PC support list","https://patchmypc.com/product/home-updater/","https://zoom.us/","Catalog presence only; installation and continued publisher support were not re-tested.","2026-10-01","Everyday / creator workflow"
"24","Everyday","Chat & Email","Dialpad","Missing","","","Complementary candidate","Current Patch My PC support list","https://patchmypc.com/product/home-updater/","Not validated","Support-list presence confirms a Windows distribution signal, not popularity, maintenance or an install test.","2026-10-01","Everyday / creator workflow"
"25","Everyday","Chat & Email","Pidgin","Missing","","","Complementary candidate","Current Patch My PC support list","https://patchmypc.com/product/home-updater/","Not validated","Support-list presence confirms a Windows distribution signal, not popularity, maintenance or an install test.","2026-10-01","Everyday / creator workflow"
"26","Everyday","Chat & Email","Trillian","Missing","","","Complementary candidate","Current Patch My PC support list","https://patchmypc.com/product/home-updater/","Not validated","Support-list presence confirms a Windows distribution signal, not popularity, maintenance or an install test.","2026-10-01","Everyday / creator workflow"
"27","Everyday","Chat & Email","WeChat","Missing","","","Complementary candidate","Current Patch My PC support list","https://patchmypc.com/product/home-updater/","Not validated","Support-list presence confirms a Windows distribution signal, not popularity, maintenance or an install test.","2026-10-01","Everyday / creator workflow"
"28","Everyday","Chat & Email","3CX","Missing","","","Complementary candidate","Candidate; publisher/Windows verification pending","","Not validated","A research lead, not a verified Windows addition.","2026-10-01","Everyday / creator workflow"
"29","Everyday","Chat & Email","Claws Mail","Missing","","","Complementary candidate","Candidate; publisher/Windows verification pending","","Not validated","A research lead, not a verified Windows addition.","2026-10-01","Everyday / creator workflow"
"30","Everyday","Chat & Email","Delta Chat","Missing","","","Complementary candidate","Candidate; publisher/Windows verification pending","","Not validated","A research lead, not a verified Windows addition.","2026-10-01","Everyday / creator workflow"
"31","Everyday","Chat & Email","Ferdium","Missing","","","Complementary candidate","Candidate; publisher/Windows verification pending","","Not validated","A research lead, not a verified Windows addition.","2026-10-01","Everyday / creator workflow"
"32","Everyday","Chat & Email","Franz","Missing","","","Complementary candidate","Candidate; publisher/Windows verification pending","","Not validated","A research lead, not a verified Windows addition.","2026-10-01","Everyday / creator workflow"
"33","Everyday","Chat & Email","Mailbird","Missing","","","Complementary candidate","Candidate; publisher/Windows verification pending","","Not validated","A research lead, not a verified Windows addition.","2026-10-01","Everyday / creator workflow"
"34","Everyday","Chat & Email","Rambox","Missing","","","Complementary candidate","Candidate; publisher/Windows verification pending","","Not validated","A research lead, not a verified Windows addition.","2026-10-01","Everyday / creator workflow"
"35","Everyday","Chat & Email","Session","Missing","","","Complementary candidate","Candidate; publisher/Windows verification pending","","Not validated","A research lead, not a verified Windows addition.","2026-10-01","Everyday / creator workflow"
"36","Everyday","Chat & Email","SimpleX Chat","Missing","","","Complementary candidate","Candidate; publisher/Windows verification pending","","Not validated","A research lead, not a verified Windows addition.","2026-10-01","Everyday / creator workflow"
"37","Everyday","Chat & Email","Wire","Missing","","","Complementary candidate","Candidate; publisher/Windows verification pending","","Not validated","A research lead, not a verified Windows addition.","2026-10-01","Everyday / creator workflow"
"1","Everyday","Office & PDFs","Adobe Acrobat Reader","Present","winutil_adobe","Office & PDFs","Existing coverage","Existing catalog metadata","https://www.adobe.com/acrobat/pdf-reader.html","Adobe.Acrobat.Reader.64-bit","Catalog presence only; installation and continued publisher support were not re-tested.","2026-10-01","Everyday / creator workflow"
"2","Everyday","Office & PDFs","Calibre","Present","extra_calibre","Office & PDFs","Existing coverage","Current Patch My PC support list","https://patchmypc.com/product/home-updater/","calibre.calibre","Catalog presence only; installation and continued publisher support were not re-tested.","2026-10-01","Everyday / creator workflow"
"3","Everyday","Office & PDFs","draw.io","Present","daily_draw_io","Office & PDFs","Existing coverage","Current Patch My PC support list","https://patchmypc.com/product/home-updater/","JGraph.Draw","Catalog presence only; installation and continued publisher support were not re-tested.","2026-10-01","Everyday / creator workflow"
"4","Everyday","Office & PDFs","Foxit PDF Reader","Present","winutil_foxpdfreader","Office & PDFs","Existing coverage","Current Patch My PC support list","https://patchmypc.com/product/home-updater/","Foxit.FoxitReader","Catalog presence only; installation and continued publisher support were not re-tested.","2026-10-01","Everyday / creator workflow"
"5","Everyday","Office & PDFs","Grammarly","Present","daily_grammarly","Office & PDFs","Existing coverage","Current Patch My PC support list","https://patchmypc.com/product/home-updater/","Grammarly.Grammarly","Catalog presence only; installation and continued publisher support were not re-tested.","2026-10-01","Everyday / creator workflow"
"6","Everyday","Office & PDFs","LibreOffice","Present","extra_libreoffice","Office & PDFs","Existing coverage","Existing catalog metadata","https://www.libreoffice.org/","TheDocumentFoundation.LibreOffice","Catalog presence only; installation and continued publisher support were not re-tested.","2026-10-01","Everyday / creator workflow"
"7","Everyday","Office & PDFs","Mendeley Reference Manager","Present","daily_mendeley_reference_manager","Office & PDFs","Existing coverage","Current Patch My PC support list","https://patchmypc.com/product/home-updater/","https://www.mendeley.com/download-reference-manager/windows","Catalog presence only; installation and continued publisher support were not re-tested.","2026-10-01","Everyday / creator workflow"
"8","Everyday","Office & PDFs","Microsoft 365","Present","daily_microsoft_365","Office & PDFs","Existing coverage","Existing catalog metadata","https://support.microsoft.com/en-us/office/lifecycle/officeinstall/download-install-or-reinstall-microsoft-365-or-office-2024-on-a-pc-or-mac","https://support.microsoft.com/en-us/office/lifecycle/officeinstall/download-install-or-reinstall-microsoft-365-or-office-2024-on-a-pc-or-mac","Catalog presence only; installation and continued publisher support were not re-tested.","2026-10-01","Everyday / creator workflow"
"9","Everyday","Office & PDFs","NAPS2","Present","extra_naps2","Office & PDFs","Existing coverage","Current Patch My PC support list","https://patchmypc.com/product/home-updater/","Cyanfish.NAPS2","Catalog presence only; installation and continued publisher support were not re-tested.","2026-10-01","Everyday / creator workflow"
"10","Everyday","Office & PDFs","Okular","Present","winutil_okular","Office & PDFs","Existing coverage","Existing catalog metadata","https://okular.kde.org/","KDE.Okular","Catalog presence only; installation and continued publisher support were not re-tested.","2026-10-01","Everyday / creator workflow"
"11","Everyday","Office & PDFs","ONLYOFFICE Desktop","Present","extra_onlyoffice","Office & PDFs","Existing coverage","Current Patch My PC support list","https://patchmypc.com/product/home-updater/","ONLYOFFICE.DesktopEditors","Catalog presence only; installation and continued publisher support were not re-tested.","2026-10-01","Everyday / creator workflow"
"12","Everyday","Office & PDFs","PDF-XChange Editor","Present","winutil_pdf-xchange","Office & PDFs","Existing coverage","Current Patch My PC support list","https://patchmypc.com/product/home-updater/","TrackerSoftware.PDF-XChangeEditor","Catalog presence only; installation and continued publisher support were not re-tested.","2026-10-01","Everyday / creator workflow"
"13","Everyday","Office & PDFs","PDF24 Creator","Present","winutil_pdf24creator","Office & PDFs","Existing coverage","Current Patch My PC support list","https://patchmypc.com/product/home-updater/","geeksoftwareGmbH.PDF24Creator","Catalog presence only; installation and continued publisher support were not re-tested.","2026-10-01","Everyday / creator workflow"
"14","Everyday","Office & PDFs","PDFgear","Present","winutil_pdfgear","Office & PDFs","Existing coverage","Existing catalog metadata","https://www.pdfgear.com/","PDFgear.PDFgear","Catalog presence only; installation and continued publisher support were not re-tested.","2026-10-01","Everyday / creator workflow"
"15","Everyday","Office & PDFs","PDFsam Basic","Present","winutil_pdfsam","Office & PDFs","Existing coverage","Current Patch My PC support list","https://patchmypc.com/product/home-updater/","PDFsam.PDFsam","Catalog presence only; installation and continued publisher support were not re-tested.","2026-10-01","Everyday / creator workflow"
"16","Everyday","Office & PDFs","Sumatra PDF","Present","extra_sumatra","Office & PDFs","Existing coverage","Current Patch My PC support list","https://patchmypc.com/product/home-updater/","SumatraPDF.SumatraPDF","Catalog presence only; installation and continued publisher support were not re-tested.","2026-10-01","Everyday / creator workflow"
"17","Everyday","Office & PDFs","Zotero","Present","extra_zotero","Office & PDFs","Existing coverage","Current Patch My PC support list","https://patchmypc.com/product/home-updater/","DigitalScholar.Zotero","Catalog presence only; installation and continued publisher support were not re-tested.","2026-10-01","Everyday / creator workflow"
"18","Everyday","Office & PDFs","Adobe Digital Editions","Missing","","","Complementary candidate","Current Patch My PC support list","https://patchmypc.com/product/home-updater/","Not validated","Support-list presence confirms a Windows distribution signal, not popularity, maintenance or an install test.","2026-10-01","Everyday / creator workflow"
"19","Everyday","Office & PDFs","Bullzip PDF Printer","Missing","","","Complementary candidate","Current Patch My PC support list","https://patchmypc.com/product/home-updater/","Not validated","Support-list presence confirms a Windows distribution signal, not popularity, maintenance or an install test.","2026-10-01","Everyday / creator workflow"
"20","Everyday","Office & PDFs","Bullzip PDF Studio","Missing","","","Complementary candidate","Current Patch My PC support list","https://patchmypc.com/product/home-updater/","Not validated","Support-list presence confirms a Windows distribution signal, not popularity, maintenance or an install test.","2026-10-01","Everyday / creator workflow"
"21","Everyday","Office & PDFs","FreeOffice","Missing","","","Complementary candidate","Current Patch My PC support list","https://patchmypc.com/product/home-updater/","Not validated","Support-list presence confirms a Windows distribution signal, not popularity, maintenance or an install test.","2026-10-01","Everyday / creator workflow"
"22","Everyday","Office & PDFs","Microsoft Power BI Desktop","Missing","","","Complementary candidate","Current Patch My PC support list","https://patchmypc.com/product/home-updater/","Not validated","Support-list presence confirms a Windows distribution signal, not popularity, maintenance or an install test.","2026-10-01","Everyday / creator workflow"
"23","Everyday","Office & PDFs","MiKTeX","Missing","","","Complementary candidate","Current Patch My PC support list","https://patchmypc.com/product/home-updater/","Not validated","Support-list presence confirms a Windows distribution signal, not popularity, maintenance or an install test.","2026-10-01","Everyday / creator workflow"
"24","Everyday","Office & PDFs","OpenOffice","Missing","","","Complementary candidate","Current Patch My PC support list","https://patchmypc.com/product/home-updater/","Not validated","Support-list presence confirms a Windows distribution signal, not popularity, maintenance or an install test.","2026-10-01","Everyday / creator workflow"
"25","Everyday","Office & PDFs","Tableau Reader","Missing","","","Complementary candidate","Current Patch My PC support list","https://patchmypc.com/product/home-updater/","Not validated","Support-list presence confirms a Windows distribution signal, not popularity, maintenance or an install test.","2026-10-01","Everyday / creator workflow"
"26","Everyday","Office & PDFs","TeXstudio","Missing","","","Complementary candidate","Current Patch My PC support list","https://patchmypc.com/product/home-updater/","Not validated","Support-list presence confirms a Windows distribution signal, not popularity, maintenance or an install test.","2026-10-01","Everyday / creator workflow"
"27","Everyday","Office & PDFs","WPS Office","Missing","","","Complementary candidate","Current Patch My PC support list","https://patchmypc.com/product/home-updater/","Not validated","Support-list presence confirms a Windows distribution signal, not popularity, maintenance or an install test.","2026-10-01","Everyday / creator workflow"
"28","Everyday","Office & PDFs","ABBYY FineReader PDF","Missing","","","Complementary candidate","Candidate; publisher/Windows verification pending","","Not validated","A research lead, not a verified Windows addition.","2026-10-01","Everyday / creator workflow"
"29","Everyday","Office & PDFs","Adobe Acrobat Pro","Missing","","","Complementary candidate","Candidate; publisher/Windows verification pending","","Not validated","A research lead, not a verified Windows addition.","2026-10-01","Everyday / creator workflow"
"30","Everyday","Office & PDFs","Bluebeam Revu","Missing","","","Complementary candidate","Candidate; publisher/Windows verification pending","","Not validated","A research lead, not a verified Windows addition.","2026-10-01","Everyday / creator workflow"
"31","Everyday","Office & PDFs","CutePDF Writer","Missing","","","Complementary candidate","Candidate; publisher/Windows verification pending","","Not validated","A research lead, not a verified Windows addition.","2026-10-01","Everyday / creator workflow"
"32","Everyday","Office & PDFs","EndNote","Missing","","","Complementary candidate","Candidate; publisher/Windows verification pending","","Not validated","A research lead, not a verified Windows addition.","2026-10-01","Everyday / creator workflow"
"33","Everyday","Office & PDFs","FocusWriter","Missing","","","Complementary candidate","Candidate; publisher/Windows verification pending","","Not validated","A research lead, not a verified Windows addition.","2026-10-01","Everyday / creator workflow"
"34","Everyday","Office & PDFs","JabRef","Missing","","","Complementary candidate","Candidate; publisher/Windows verification pending","","Not validated","A research lead, not a verified Windows addition.","2026-10-01","Everyday / creator workflow"
"35","Everyday","Office & PDFs","Kindle for PC","Missing","","","Complementary candidate","Candidate; publisher/Windows verification pending","","Not validated","A research lead, not a verified Windows addition.","2026-10-01","Everyday / creator workflow"
"36","Everyday","Office & PDFs","LyX","Missing","","","Complementary candidate","Candidate; publisher/Windows verification pending","","Not validated","A research lead, not a verified Windows addition.","2026-10-01","Everyday / creator workflow"
"37","Everyday","Office & PDFs","Manuskript","Missing","","","Complementary candidate","Candidate; publisher/Windows verification pending","","Not validated","A research lead, not a verified Windows addition.","2026-10-01","Everyday / creator workflow"
"38","Everyday","Office & PDFs","Nitro PDF Pro","Missing","","","Complementary candidate","Candidate; publisher/Windows verification pending","","Not validated","A research lead, not a verified Windows addition.","2026-10-01","Everyday / creator workflow"
"39","Everyday","Office & PDFs","PDF Annotator","Missing","","","Complementary candidate","Candidate; publisher/Windows verification pending","","Not validated","A research lead, not a verified Windows addition.","2026-10-01","Everyday / creator workflow"
"40","Everyday","Office & PDFs","PDF Arranger","Missing","","","Complementary candidate","Candidate; publisher/Windows verification pending","","Not validated","A research lead, not a verified Windows addition.","2026-10-01","Everyday / creator workflow"
"41","Everyday","Office & PDFs","PDFCreator","Missing","","","Complementary candidate","Candidate; publisher/Windows verification pending","","Not validated","A research lead, not a verified Windows addition.","2026-10-01","Everyday / creator workflow"
"42","Everyday","Office & PDFs","PDFescape Desktop","Missing","","","Complementary candidate","Candidate; publisher/Windows verification pending","","Not validated","A research lead, not a verified Windows addition.","2026-10-01","Everyday / creator workflow"
"43","Everyday","Office & PDFs","Scrivener","Missing","","","Complementary candidate","Candidate; publisher/Windows verification pending","","Not validated","A research lead, not a verified Windows addition.","2026-10-01","Everyday / creator workflow"
"44","Everyday","Office & PDFs","Sejda PDF Desktop","Missing","","","Complementary candidate","Candidate; publisher/Windows verification pending","","Not validated","A research lead, not a verified Windows addition.","2026-10-01","Everyday / creator workflow"
"45","Everyday","Office & PDFs","Tungsten Power PDF","Missing","","","Complementary candidate","Candidate; publisher/Windows verification pending","","Not validated","A research lead, not a verified Windows addition.","2026-10-01","Everyday / creator workflow"
"1","Everyday","Notes & Tasks","Logseq","Missing","","","Priority gap","Publisher page reviewed","https://github.com/logseq/logseq/releases","Not validated","Windows assets confirmed; current 2.0 DB release is beta, choose an edition deliberately.","2026-10-01","Everyday / creator workflow"
"2","Everyday","Notes & Tasks","Standard Notes","Missing","","","Priority gap","Publisher page reviewed","https://standardnotes.com/download","Not validated","Official Windows download; encrypted notes, optional paid features.","2026-10-01","Everyday / creator workflow"
"3","Everyday","Notes & Tasks","Anytype","Missing","","","Priority gap","Candidate; publisher/Windows verification pending","","Not validated","A research lead, not a verified Windows addition.","2026-10-01","Everyday / creator workflow"
"4","Everyday","Notes & Tasks","Super Productivity","Missing","","","Priority gap","Candidate; publisher/Windows verification pending","","Not validated","A research lead, not a verified Windows addition.","2026-10-01","Everyday / creator workflow"
"5","Everyday","Notes & Tasks","Evernote","Present","daily_evernote","Notes & Tasks","Existing coverage","Current Patch My PC support list","https://patchmypc.com/product/home-updater/","Evernote.Evernote","Catalog presence only; installation and continued publisher support were not re-tested.","2026-10-01","Everyday / creator workflow"
"6","Everyday","Notes & Tasks","Joplin","Present","extra_joplin","Notes & Tasks","Existing coverage","Current Patch My PC support list","https://patchmypc.com/product/home-updater/","Joplin.Joplin","Catalog presence only; installation and continued publisher support were not re-tested.","2026-10-01","Everyday / creator workflow"
"7","Everyday","Notes & Tasks","Microsoft To Do","Present","daily_microsoft_to_do","Notes & Tasks","Existing coverage","Existing catalog metadata","https://to-do.microsoft.com/tasks/","https://to-do.microsoft.com/tasks/","Catalog presence only; installation and continued publisher support were not re-tested.","2026-10-01","Everyday / creator workflow"
"8","Everyday","Notes & Tasks","Notion","Present","daily_notion","Notes & Tasks","Existing coverage","Current Patch My PC support list","https://patchmypc.com/product/home-updater/","Notion.Notion","Catalog presence only; installation and continued publisher support were not re-tested.","2026-10-01","Everyday / creator workflow"
"9","Everyday","Notes & Tasks","Obsidian","Present","winutil_obsidian","Notes & Tasks","Existing coverage","Current Patch My PC support list","https://patchmypc.com/product/home-updater/","Obsidian.Obsidian","Catalog presence only; installation and continued publisher support were not re-tested.","2026-10-01","Everyday / creator workflow"
"10","Everyday","Notes & Tasks","OneNote","Present","daily_onenote","Notes & Tasks","Existing coverage","Existing catalog metadata","https://www.onenote.com/download","https://www.onenote.com/download","Catalog presence only; installation and continued publisher support were not re-tested.","2026-10-01","Everyday / creator workflow"
"11","Everyday","Notes & Tasks","QOwnNotes","Present","winutil_qownnotes","Notes & Tasks","Existing coverage","Existing catalog metadata","https://www.qownnotes.org/","pbek.QOwnNotes","Catalog presence only; installation and continued publisher support were not re-tested.","2026-10-01","Everyday / creator workflow"
"12","Everyday","Notes & Tasks","Simplenote","Present","winutil_simplenote","Notes & Tasks","Existing coverage","Current Patch My PC support list","https://patchmypc.com/product/home-updater/","Automattic.Simplenote","Catalog presence only; installation and continued publisher support were not re-tested.","2026-10-01","Everyday / creator workflow"
"13","Everyday","Notes & Tasks","TickTick","Present","daily_ticktick","Notes & Tasks","Existing coverage","Existing catalog metadata","https://www.ticktick.com/","Appest.TickTick","Catalog presence only; installation and continued publisher support were not re-tested.","2026-10-01","Everyday / creator workflow"
"14","Everyday","Notes & Tasks","Todoist","Present","daily_todoist","Notes & Tasks","Existing coverage","Current Patch My PC support list","https://patchmypc.com/product/home-updater/","Doist.Todoist","Catalog presence only; installation and continued publisher support were not re-tested.","2026-10-01","Everyday / creator workflow"
"15","Everyday","Notes & Tasks","Xournal++","Present","winutil_xournal","Notes & Tasks","Existing coverage","Existing catalog metadata","https://xournalpp.github.io/","Xournal++.Xournal++","Catalog presence only; installation and continued publisher support were not re-tested.","2026-10-01","Everyday / creator workflow"
"16","Everyday","Notes & Tasks","Clockify","Missing","","","Complementary candidate","Current Patch My PC support list","https://patchmypc.com/product/home-updater/","Not validated","Support-list presence confirms a Windows distribution signal, not popularity, maintenance or an install test.","2026-10-01","Everyday / creator workflow"
"17","Everyday","Notes & Tasks","Freeplane","Missing","","","Complementary candidate","Current Patch My PC support list","https://patchmypc.com/product/home-updater/","Not validated","Support-list presence confirms a Windows distribution signal, not popularity, maintenance or an install test.","2026-10-01","Everyday / creator workflow"
"18","Everyday","Notes & Tasks","PNotes.NET","Missing","","","Complementary candidate","Current Patch My PC support list","https://patchmypc.com/product/home-updater/","Not validated","Support-list presence confirms a Windows distribution signal, not popularity, maintenance or an install test.","2026-10-01","Everyday / creator workflow"
"19","Everyday","Notes & Tasks","yWriter7","Missing","","","Complementary candidate","Current Patch My PC support list","https://patchmypc.com/product/home-updater/","Not validated","Support-list presence confirms a Windows distribution signal, not popularity, maintenance or an install test.","2026-10-01","Everyday / creator workflow"
"20","Everyday","Notes & Tasks","Asana","Missing","","","Complementary candidate","Candidate; publisher/Windows verification pending","","Not validated","A research lead, not a verified Windows addition.","2026-10-01","Everyday / creator workflow"
"21","Everyday","Notes & Tasks","Capacities","Missing","","","Complementary candidate","Candidate; publisher/Windows verification pending","","Not validated","A research lead, not a verified Windows addition.","2026-10-01","Everyday / creator workflow"
"22","Everyday","Notes & Tasks","CherryTree","Missing","","","Complementary candidate","Candidate; publisher/Windows verification pending","","Not validated","A research lead, not a verified Windows addition.","2026-10-01","Everyday / creator workflow"
"23","Everyday","Notes & Tasks","ClickUp","Missing","","","Complementary candidate","Candidate; publisher/Windows verification pending","","Not validated","A research lead, not a verified Windows addition.","2026-10-01","Everyday / creator workflow"
"24","Everyday","Notes & Tasks","Craft","Missing","","","Complementary candidate","Candidate; publisher/Windows verification pending","","Not validated","A research lead, not a verified Windows addition.","2026-10-01","Everyday / creator workflow"
"25","Everyday","Notes & Tasks","FreeMind","Missing","","","Complementary candidate","Candidate; publisher/Windows verification pending","","Not validated","A research lead, not a verified Windows addition.","2026-10-01","Everyday / creator workflow"
"26","Everyday","Notes & Tasks","Heptabase","Missing","","","Complementary candidate","Candidate; publisher/Windows verification pending","","Not validated","A research lead, not a verified Windows addition.","2026-10-01","Everyday / creator workflow"
"27","Everyday","Notes & Tasks","MarkText","Missing","","","Complementary candidate","Candidate; publisher/Windows verification pending","","Not validated","A research lead, not a verified Windows addition.","2026-10-01","Everyday / creator workflow"
"28","Everyday","Notes & Tasks","Microsoft Loop","Missing","","","Complementary candidate","Candidate; publisher/Windows verification pending","","Not validated","A research lead, not a verified Windows addition.","2026-10-01","Everyday / creator workflow"
"29","Everyday","Notes & Tasks","Notesnook","Missing","","","Complementary candidate","Candidate; publisher/Windows verification pending","","Not validated","A research lead, not a verified Windows addition.","2026-10-01","Everyday / creator workflow"
"30","Everyday","Notes & Tasks","OpenTodoList","Missing","","","Complementary candidate","Candidate; publisher/Windows verification pending","","Not validated","A research lead, not a verified Windows addition.","2026-10-01","Everyday / creator workflow"
"31","Everyday","Notes & Tasks","Rainlendar","Missing","","","Complementary candidate","Candidate; publisher/Windows verification pending","","Not validated","A research lead, not a verified Windows addition.","2026-10-01","Everyday / creator workflow"
"32","Everyday","Notes & Tasks","ToDoList","Missing","","","Complementary candidate","Candidate; publisher/Windows verification pending","","Not validated","A research lead, not a verified Windows addition.","2026-10-01","Everyday / creator workflow"
"33","Everyday","Notes & Tasks","Toggl Track","Missing","","","Complementary candidate","Candidate; publisher/Windows verification pending","","Not validated","A research lead, not a verified Windows addition.","2026-10-01","Everyday / creator workflow"
"34","Everyday","Notes & Tasks","Trello","Missing","","","Complementary candidate","Candidate; publisher/Windows verification pending","","Not validated","A research lead, not a verified Windows addition.","2026-10-01","Everyday / creator workflow"
"35","Everyday","Notes & Tasks","TriliumNext Notes","Missing","","","Complementary candidate","Candidate; publisher/Windows verification pending","","Not validated","A research lead, not a verified Windows addition.","2026-10-01","Everyday / creator workflow"
"36","Everyday","Notes & Tasks","Typora","Missing","","","Complementary candidate","Candidate; publisher/Windows verification pending","","Not validated","A research lead, not a verified Windows addition.","2026-10-01","Everyday / creator workflow"
"37","Everyday","Notes & Tasks","VNote","Missing","","","Complementary candidate","Candidate; publisher/Windows verification pending","","Not validated","A research lead, not a verified Windows addition.","2026-10-01","Everyday / creator workflow"
"1","Everyday","AI Tools","LM Studio","Missing","","","Priority gap","Publisher page reviewed","https://lmstudio.ai/download","Not validated","Official Windows download; local-model resources vary.","2026-10-01","Everyday / creator workflow"
"2","Everyday","AI Tools","Ollama","Missing","","","Priority gap","Publisher page reviewed","https://ollama.com/download/windows","Not validated","Official Windows build; local models have disk/RAM requirements.","2026-10-01","Everyday / creator workflow"
"3","Everyday","AI Tools","ChatGPT Desktop","Present","winutil_chatgpt","AI Tools","Existing coverage","Existing catalog metadata","https://openai.com/chatgpt/download/","https://apps.microsoft.com/detail/9NT1R1C2HH7J","Catalog presence only; installation and continued publisher support were not re-tested.","2026-10-01","Everyday / creator workflow"
"4","Everyday","AI Tools","Claude Desktop","Present","winutil_claude","AI Tools","Existing coverage","Existing catalog metadata","https://claude.ai/download","Anthropic.Claude","Catalog presence only; installation and continued publisher support were not re-tested.","2026-10-01","Everyday / creator workflow"
"5","Everyday","AI Tools","ComfyUI Desktop","Present","comfy","AI Tools","Existing coverage","Existing catalog metadata","","Comfy.ComfyUI-Desktop","Catalog presence only; installation and continued publisher support were not re-tested.","2026-10-01","Everyday / creator workflow"
"6","Everyday","AI Tools","LM Studio Bionic","Missing","","","Complementary candidate","Publisher page reviewed","https://lmstudio.ai/download","Not validated","Separate newer app on the same official download page; evaluate separately.","2026-10-01","Everyday / creator workflow"
"7","Everyday","AI Tools","NVIDIA ChatRTX","Missing","","","Complementary candidate","Current Patch My PC support list","https://patchmypc.com/product/home-updater/","Not validated","Support-list presence confirms a Windows distribution signal, not popularity, maintenance or an install test.","2026-10-01","Everyday / creator workflow"
"8","Everyday","AI Tools","Amuse","Missing","","","Complementary candidate","Candidate; publisher/Windows verification pending","","Not validated","A research lead, not a verified Windows addition.","2026-10-01","Everyday / creator workflow"
"9","Everyday","AI Tools","AnythingLLM","Missing","","","Complementary candidate","Candidate; publisher/Windows verification pending","","Not validated","A research lead, not a verified Windows addition.","2026-10-01","Everyday / creator workflow"
"10","Everyday","AI Tools","Backyard AI","Missing","","","Complementary candidate","Candidate; publisher/Windows verification pending","","Not validated","A research lead, not a verified Windows addition.","2026-10-01","Everyday / creator workflow"
"11","Everyday","AI Tools","Chatbox","Missing","","","Complementary candidate","Candidate; publisher/Windows verification pending","","Not validated","A research lead, not a verified Windows addition.","2026-10-01","Everyday / creator workflow"
"12","Everyday","AI Tools","Cherry Studio","Missing","","","Complementary candidate","Candidate; publisher/Windows verification pending","","Not validated","A research lead, not a verified Windows addition.","2026-10-01","Everyday / creator workflow"
"13","Everyday","AI Tools","GPT4All","Missing","","","Complementary candidate","Candidate; publisher/Windows verification pending","","Not validated","A research lead, not a verified Windows addition.","2026-10-01","Everyday / creator workflow"
"14","Everyday","AI Tools","InvokeAI","Missing","","","Complementary candidate","Candidate; publisher/Windows verification pending","","Not validated","A research lead, not a verified Windows addition.","2026-10-01","Everyday / creator workflow"
"15","Everyday","AI Tools","Jan","Missing","","","Complementary candidate","Candidate; publisher/Windows verification pending","","Not validated","A research lead, not a verified Windows addition.","2026-10-01","Everyday / creator workflow"
"16","Everyday","AI Tools","Microsoft Copilot","Missing","","","Complementary candidate","Candidate; publisher/Windows verification pending","","Not validated","A research lead, not a verified Windows addition.","2026-10-01","Everyday / creator workflow"
"17","Everyday","AI Tools","Msty","Missing","","","Complementary candidate","Candidate; publisher/Windows verification pending","","Not validated","A research lead, not a verified Windows addition.","2026-10-01","Everyday / creator workflow"
"18","Everyday","AI Tools","Pinokio","Missing","","","Complementary candidate","Candidate; publisher/Windows verification pending","","Not validated","A research lead, not a verified Windows addition.","2026-10-01","Everyday / creator workflow"
"19","Everyday","AI Tools","Stability Matrix","Missing","","","Complementary candidate","Candidate; publisher/Windows verification pending","","Not validated","A research lead, not a verified Windows addition.","2026-10-01","Everyday / creator workflow"
"1","Everyday","Media Players","Deezer","Missing","","","Priority gap","Current Patch My PC support list","https://patchmypc.com/product/home-updater/","Not validated","Support-list presence confirms a Windows distribution signal, not popularity, maintenance or an install test.","2026-10-01","Everyday / creator workflow"
"2","Everyday","Media Players","MPC-BE","Missing","","","Priority gap","Current Patch My PC support list","https://patchmypc.com/product/home-updater/","Not validated","Support-list presence confirms a Windows distribution signal, not popularity, maintenance or an install test.","2026-10-01","Everyday / creator workflow"
"3","Everyday","Media Players","SMPlayer","Missing","","","Priority gap","Current Patch My PC support list","https://patchmypc.com/product/home-updater/","Not validated","Support-list presence confirms a Windows distribution signal, not popularity, maintenance or an install test.","2026-10-01","Everyday / creator workflow"
"4","Everyday","Media Players","TIDAL","Missing","","","Priority gap","Candidate; publisher/Windows verification pending","","Not validated","A research lead, not a verified Windows addition.","2026-10-01","Everyday / creator workflow"
"5","Everyday","Media Players","AIMP (Music Player)","Present","winutil_aimp","Media Players","Existing coverage","Existing catalog metadata","https://www.aimp.ru/","AIMP.AIMP","Catalog presence only; installation and continued publisher support were not re-tested.","2026-10-01","Everyday / creator workflow"
"6","Everyday","Media Players","Apple Music","Present","daily_apple_music","Media Players","Existing coverage","Existing catalog metadata","https://apps.microsoft.com/detail/9pfhdd62mxs1","https://apps.microsoft.com/detail/9pfhdd62mxs1","Catalog presence only; installation and continued publisher support were not re-tested.","2026-10-01","Everyday / creator workflow"
"7","Everyday","Media Players","foobar2000","Present","app10","Media Players","Existing coverage","Current Patch My PC support list","https://patchmypc.com/product/home-updater/","PeterPawlowski.foobar2000","Catalog presence only; installation and continued publisher support were not re-tested.","2026-10-01","Everyday / creator workflow"
"8","Everyday","Media Players","iTunes","Present","winutil_itunes","Media Players","Existing coverage","Existing catalog metadata","https://www.apple.com/itunes/","Apple.iTunes","Catalog presence only; installation and continued publisher support were not re-tested.","2026-10-01","Everyday / creator workflow"
"9","Everyday","Media Players","Jellyfin Media Player","Present","winutil_jellyfinmediaplayer","Media Players","Existing coverage","Existing catalog metadata","https://jellyfin.org/","Jellyfin.JellyfinMediaPlayer","Catalog presence only; installation and continued publisher support were not re-tested.","2026-10-01","Everyday / creator workflow"
"10","Everyday","Media Players","K-Lite Codec Pack","Present","klite","Runtimes","Existing coverage","Existing catalog metadata","","CodecGuide.K-LiteCodecPack.Standard","Catalog presence only; installation and continued publisher support were not re-tested.","2026-10-01","Everyday / creator workflow"
"11","Everyday","Media Players","Kodi","Present","extra_kodi","Media Players","Existing coverage","Current Patch My PC support list","https://patchmypc.com/product/home-updater/","XBMCFoundation.Kodi","Catalog presence only; installation and continued publisher support were not re-tested.","2026-10-01","Everyday / creator workflow"
"12","Everyday","Media Players","MediaMonkey","Present","daily_mediamonkey","Media Players","Existing coverage","Current Patch My PC support list","https://patchmypc.com/product/home-updater/","https://www.mediamonkey.com/download","Catalog presence only; installation and continued publisher support were not re-tested.","2026-10-01","Everyday / creator workflow"
"13","Everyday","Media Players","MPC-HC","Present","extra_mpchc","Media Players","Existing coverage","Current Patch My PC support list","https://patchmypc.com/product/home-updater/","clsid2.mpc-hc","Catalog presence only; installation and continued publisher support were not re-tested.","2026-10-01","Everyday / creator workflow"
"14","Everyday","Media Players","mpc-qt","Present","winutil_mpc-qt","Media Players","Existing coverage","Existing catalog metadata","https://mpc-qt.github.io","mpc-qt.mpc-qt","Catalog presence only; installation and continued publisher support were not re-tested.","2026-10-01","Everyday / creator workflow"
"15","Everyday","Media Players","mpv","Present","winutil_mpv","Media Players","Existing coverage","Existing catalog metadata","https://mpv.io/","shinchiro.mpv","Catalog presence only; installation and continued publisher support were not re-tested.","2026-10-01","Everyday / creator workflow"
"16","Everyday","Media Players","MusicBee","Present","daily_musicbee","Media Players","Existing coverage","Current Patch My PC support list","https://patchmypc.com/product/home-updater/","https://getmusicbee.com/downloads/","Catalog presence only; installation and continued publisher support were not re-tested.","2026-10-01","Everyday / creator workflow"
"17","Everyday","Media Players","Plex Desktop","Present","winutil_plexdesktop","Media Players","Existing coverage","Existing catalog metadata","https://www.plex.tv","Plex.Plex","Catalog presence only; installation and continued publisher support were not re-tested.","2026-10-01","Everyday / creator workflow"
"18","Everyday","Media Players","PotPlayer","Present","app23","Media Players","Existing coverage","Current Patch My PC support list","https://patchmypc.com/product/home-updater/","Daum.PotPlayer","Catalog presence only; installation and continued publisher support were not re-tested.","2026-10-01","Everyday / creator workflow"
"19","Everyday","Media Players","Spotify","Present","daily_spotify","Media Players","Existing coverage","Existing catalog metadata","https://www.spotify.com/download/windows/","Spotify.Spotify","Catalog presence only; installation and continued publisher support were not re-tested.","2026-10-01","Everyday / creator workflow"
"20","Everyday","Media Players","VLC","Present","extra_vlc","Media Players","Existing coverage","Current Patch My PC support list","https://patchmypc.com/product/home-updater/","VideoLAN.VLC","Catalog presence only; installation and continued publisher support were not re-tested.","2026-10-01","Everyday / creator workflow"
"21","Everyday","Media Players","GOM Audio","Missing","","","Complementary candidate","Current Patch My PC support list","https://patchmypc.com/product/home-updater/","Not validated","Support-list presence confirms a Windows distribution signal, not popularity, maintenance or an install test.","2026-10-01","Everyday / creator workflow"
"22","Everyday","Media Players","GOM Player","Missing","","","Complementary candidate","Current Patch My PC support list","https://patchmypc.com/product/home-updater/","Not validated","Support-list presence confirms a Windows distribution signal, not popularity, maintenance or an install test.","2026-10-01","Everyday / creator workflow"
"23","Everyday","Media Players","Winamp","Missing","","","Complementary candidate","Current Patch My PC support list","https://patchmypc.com/product/home-updater/","Not validated","Support-list presence confirms a Windows distribution signal, not popularity, maintenance or an install test.","2026-10-01","Everyday / creator workflow"
"24","Everyday","Media Players","5KPlayer","Missing","","","Complementary candidate","Candidate; publisher/Windows verification pending","","Not validated","A research lead, not a verified Windows addition.","2026-10-01","Everyday / creator workflow"
"25","Everyday","Media Players","Amazon Music","Missing","","","Complementary candidate","Candidate; publisher/Windows verification pending","","Not validated","A research lead, not a verified Windows addition.","2026-10-01","Everyday / creator workflow"
"26","Everyday","Media Players","Audacious","Missing","","","Complementary candidate","Candidate; publisher/Windows verification pending","","Not validated","A research lead, not a verified Windows addition.","2026-10-01","Everyday / creator workflow"
"27","Everyday","Media Players","BS.Player","Missing","","","Complementary candidate","Candidate; publisher/Windows verification pending","","Not validated","A research lead, not a verified Windows addition.","2026-10-01","Everyday / creator workflow"
"28","Everyday","Media Players","Clementine","Missing","","","Complementary candidate","Candidate; publisher/Windows verification pending","","Not validated","A research lead, not a verified Windows addition.","2026-10-01","Everyday / creator workflow"
"29","Everyday","Media Players","Dopamine","Missing","","","Complementary candidate","Candidate; publisher/Windows verification pending","","Not validated","A research lead, not a verified Windows addition.","2026-10-01","Everyday / creator workflow"
"30","Everyday","Media Players","Emby Theater","Missing","","","Complementary candidate","Candidate; publisher/Windows verification pending","","Not validated","A research lead, not a verified Windows addition.","2026-10-01","Everyday / creator workflow"
"31","Everyday","Media Players","JRiver Media Center","Missing","","","Complementary candidate","Candidate; publisher/Windows verification pending","","Not validated","A research lead, not a verified Windows addition.","2026-10-01","Everyday / creator workflow"
"32","Everyday","Media Players","KMPlayer","Missing","","","Complementary candidate","Candidate; publisher/Windows verification pending","","Not validated","A research lead, not a verified Windows addition.","2026-10-01","Everyday / creator workflow"
"33","Everyday","Media Players","MediaPortal","Missing","","","Complementary candidate","Candidate; publisher/Windows verification pending","","Not validated","A research lead, not a verified Windows addition.","2026-10-01","Everyday / creator workflow"
"34","Everyday","Media Players","Nora","Missing","","","Complementary candidate","Candidate; publisher/Windows verification pending","","Not validated","A research lead, not a verified Windows addition.","2026-10-01","Everyday / creator workflow"
"35","Everyday","Media Players","Nuclear","Missing","","","Complementary candidate","Candidate; publisher/Windows verification pending","","Not validated","A research lead, not a verified Windows addition.","2026-10-01","Everyday / creator workflow"
"36","Everyday","Media Players","PowerDVD","Missing","","","Complementary candidate","Candidate; publisher/Windows verification pending","","Not validated","A research lead, not a verified Windows addition.","2026-10-01","Everyday / creator workflow"
"37","Everyday","Media Players","Qobuz","Missing","","","Complementary candidate","Candidate; publisher/Windows verification pending","","Not validated","A research lead, not a verified Windows addition.","2026-10-01","Everyday / creator workflow"
"38","Everyday","Media Players","SPlayer","Missing","","","Complementary candidate","Candidate; publisher/Windows verification pending","","Not validated","A research lead, not a verified Windows addition.","2026-10-01","Everyday / creator workflow"
"39","Everyday","Media Players","Strawberry","Missing","","","Complementary candidate","Candidate; publisher/Windows verification pending","","Not validated","A research lead, not a verified Windows addition.","2026-10-01","Everyday / creator workflow"
"40","Everyday","Media Players","Tauon Music Box","Missing","","","Complementary candidate","Candidate; publisher/Windows verification pending","","Not validated","A research lead, not a verified Windows addition.","2026-10-01","Everyday / creator workflow"
"41","Everyday","Media Players","Zoom Player","Missing","","","Complementary candidate","Candidate; publisher/Windows verification pending","","Not validated","A research lead, not a verified Windows addition.","2026-10-01","Everyday / creator workflow"
"1","Everyday","Photo Viewers","FastStone Image Viewer","Present","daily_faststone_image_viewer","Photo Viewers","Existing coverage","Current Patch My PC support list","https://patchmypc.com/product/home-updater/","FastStone.Viewer","Catalog presence only; installation and continued publisher support were not re-tested.","2026-10-01","Everyday / creator workflow"
"2","Everyday","Photo Viewers","ImageGlass","Present","extra_imageglass","Photo Viewers","Existing coverage","Current Patch My PC support list","https://patchmypc.com/product/home-updater/","DuongDieuPhap.ImageGlass","Catalog presence only; installation and continued publisher support were not re-tested.","2026-10-01","Everyday / creator workflow"
"3","Everyday","Photo Viewers","IrfanView","Present","winutil_irfanview","Photo Viewers","Existing coverage","Current Patch My PC support list","https://patchmypc.com/product/home-updater/","IrfanSkiljan.IrfanView","Catalog presence only; installation and continued publisher support were not re-tested.","2026-10-01","Everyday / creator workflow"
"4","Everyday","Photo Viewers","JPEG View","Present","winutil_jpegview","Photo Viewers","Existing coverage","Existing catalog metadata","https://github.com/sylikc/jpegview","sylikc.JPEGView","Catalog presence only; installation and continued publisher support were not re-tested.","2026-10-01","Everyday / creator workflow"
"5","Everyday","Photo Viewers","nomacs","Present","winutil_nomacs","Photo Viewers","Existing coverage","Existing catalog metadata","https://nomacs.org/","nomacs.nomacs","Catalog presence only; installation and continued publisher support were not re-tested.","2026-10-01","Everyday / creator workflow"
"6","Everyday","Photo Viewers","XnView MP","Present","daily_xnview_mp","Photo Viewers","Existing coverage","Current Patch My PC support list","https://patchmypc.com/product/home-updater/","XnSoft.XnViewMP","Catalog presence only; installation and continued publisher support were not re-tested.","2026-10-01","Everyday / creator workflow"
"7","Everyday","Photo Viewers","Adobe Bridge","Missing","","","Complementary candidate","Publisher page reviewed","https://www.adobe.com/products/bridge.html","Not validated","Official creative-asset manager and Creative Cloud download route; account/entitlement check required.","2026-10-01","Everyday / creator workflow"
"8","Everyday","Photo Viewers","XnView Classic","Missing","","","Complementary candidate","Current Patch My PC support list","https://patchmypc.com/product/home-updater/","Not validated","Support-list presence confirms a Windows distribution signal, not popularity, maintenance or an install test.","2026-10-01","Everyday / creator workflow"
"9","Everyday","Photo Viewers","ACDSee Free","Missing","","","Complementary candidate","Candidate; publisher/Windows verification pending","","Not validated","A research lead, not a verified Windows addition.","2026-10-01","Everyday / creator workflow"
"10","Everyday","Photo Viewers","Allusion","Missing","","","Complementary candidate","Candidate; publisher/Windows verification pending","","Not validated","A research lead, not a verified Windows addition.","2026-10-01","Everyday / creator workflow"
"11","Everyday","Photo Viewers","BandiView","Missing","","","Complementary candidate","Candidate; publisher/Windows verification pending","","Not validated","A research lead, not a verified Windows addition.","2026-10-01","Everyday / creator workflow"
"12","Everyday","Photo Viewers","digiKam","Missing","","","Complementary candidate","Candidate; publisher/Windows verification pending","","Not validated","A research lead, not a verified Windows addition.","2026-10-01","Everyday / creator workflow"
"13","Everyday","Photo Viewers","FastRawViewer","Missing","","","Complementary candidate","Candidate; publisher/Windows verification pending","","Not validated","A research lead, not a verified Windows addition.","2026-10-01","Everyday / creator workflow"
"14","Everyday","Photo Viewers","FastStone MaxView","Missing","","","Complementary candidate","Candidate; publisher/Windows verification pending","","Not validated","A research lead, not a verified Windows addition.","2026-10-01","Everyday / creator workflow"
"15","Everyday","Photo Viewers","PhotoQt","Missing","","","Complementary candidate","Candidate; publisher/Windows verification pending","","Not validated","A research lead, not a verified Windows addition.","2026-10-01","Everyday / creator workflow"
"16","Everyday","Photo Viewers","PicView","Missing","","","Complementary candidate","Candidate; publisher/Windows verification pending","","Not validated","A research lead, not a verified Windows addition.","2026-10-01","Everyday / creator workflow"
"17","Everyday","Photo Viewers","qimgv","Missing","","","Complementary candidate","Candidate; publisher/Windows verification pending","","Not validated","A research lead, not a verified Windows addition.","2026-10-01","Everyday / creator workflow"
"18","Everyday","Photo Viewers","qView","Missing","","","Complementary candidate","Candidate; publisher/Windows verification pending","","Not validated","A research lead, not a verified Windows addition.","2026-10-01","Everyday / creator workflow"
"19","Everyday","Photo Viewers","Visum Photo Viewer","Missing","","","Complementary candidate","Candidate; publisher/Windows verification pending","","Not validated","A research lead, not a verified Windows addition.","2026-10-01","Everyday / creator workflow"
"1","Everyday","Gaming","Battle.net","Present","winutil_battlenet","Gaming","Existing coverage","Current Patch My PC support list","https://patchmypc.com/product/home-updater/","Blizzard.BattleNet","Catalog presence only; installation and continued publisher support were not re-tested.","2026-10-01","Everyday / creator workflow"
"2","Everyday","Gaming","Cemu","Present","winutil_cemu","Gaming","Existing coverage","Existing catalog metadata","https://cemu.info/","Cemu.Cemu","Catalog presence only; installation and continued publisher support were not re-tested.","2026-10-01","Everyday / creator workflow"
"3","Everyday","Gaming","EA App","Present","winutil_eaapp","Gaming","Existing coverage","Current Patch My PC support list","https://patchmypc.com/product/home-updater/","ElectronicArts.EADesktop","Catalog presence only; installation and continued publisher support were not re-tested.","2026-10-01","Everyday / creator workflow"
"4","Everyday","Gaming","EmulationStation Desktop Edition","Present","winutil_es-de","Gaming","Existing coverage","Existing catalog metadata","https://es-de.org/","ES-DE.EmulationStation-DE","Catalog presence only; installation and continued publisher support were not re-tested.","2026-10-01","Everyday / creator workflow"
"5","Everyday","Gaming","Epic Games Launcher","Present","winutil_epicgames","Gaming","Existing coverage","Current Patch My PC support list","https://patchmypc.com/product/home-updater/","EpicGames.EpicGamesLauncher","Catalog presence only; installation and continued publisher support were not re-tested.","2026-10-01","Everyday / creator workflow"
"6","Everyday","Gaming","GeForce NOW","Present","winutil_geforcenow","Gaming","Existing coverage","Existing catalog metadata","https://www.nvidia.com/en-us/geforce-now/","Nvidia.GeForceNow","Catalog presence only; installation and continued publisher support were not re-tested.","2026-10-01","Everyday / creator workflow"
"7","Everyday","Gaming","GOG Galaxy","Present","winutil_gog","Gaming","Existing coverage","Current Patch My PC support list","https://patchmypc.com/product/home-updater/","GOG.Galaxy","Catalog presence only; installation and continued publisher support were not re-tested.","2026-10-01","Everyday / creator workflow"
"8","Everyday","Gaming","Heroic Games Launcher","Present","extra_heroiclauncher","Gaming","Existing coverage","Existing catalog metadata","https://heroicgameslauncher.com/","HeroicGamesLauncher.HeroicGamesLauncher","Catalog presence only; installation and continued publisher support were not re-tested.","2026-10-01","Everyday / creator workflow"
"9","Everyday","Gaming","Itch.io","Present","winutil_itch","Gaming","Existing coverage","Existing catalog metadata","https://itch.io/","ItchIo.Itch","Catalog presence only; installation and continued publisher support were not re-tested.","2026-10-01","Everyday / creator workflow"
"10","Everyday","Gaming","League of Legends","Present","app9","Gaming","Existing coverage","Existing catalog metadata","https://www.leagueoflegends.com/en-gb/download/","https://www.leagueoflegends.com/en-gb/download/","Catalog presence only; installation and continued publisher support were not re-tested.","2026-10-01","Everyday / creator workflow"
"11","Everyday","Gaming","Modrinth App","Present","winutil_modrinth","Gaming","Existing coverage","Existing catalog metadata","https://modrinth.com/app","Modrinth.ModrinthApp","Catalog presence only; installation and continued publisher support were not re-tested.","2026-10-01","Everyday / creator workflow"
"12","Everyday","Gaming","Moonlight","Present","extra_moonlight","Gaming","Existing coverage","Existing catalog metadata","https://moonlight-stream.org/","MoonlightGameStreamingProject.Moonlight","Catalog presence only; installation and continued publisher support were not re-tested.","2026-10-01","Everyday / creator workflow"
"13","Everyday","Gaming","Overwolf","Present","winutil_overwolf","Gaming","Existing coverage","Existing catalog metadata","https://www.overwolf.com/app/overwolf-curseforge","Overwolf.CurseForge","Catalog presence only; installation and continued publisher support were not re-tested.","2026-10-01","Everyday / creator workflow"
"14","Everyday","Gaming","Parsec","Present","app22","Remote Access","Existing coverage","Existing catalog metadata","","Parsec.Parsec","Catalog presence only; installation and continued publisher support were not re-tested.","2026-10-01","Everyday / creator workflow"
"15","Everyday","Gaming","Playnite","Present","extra_playnite","Gaming","Existing coverage","Existing catalog metadata","https://playnite.link/","Playnite.Playnite","Catalog presence only; installation and continued publisher support were not re-tested.","2026-10-01","Everyday / creator workflow"
"16","Everyday","Gaming","Prism Launcher","Present","extra_prismlauncher","Gaming","Existing coverage","Existing catalog metadata","https://prismlauncher.org/","PrismLauncher.PrismLauncher","Catalog presence only; installation and continued publisher support were not re-tested.","2026-10-01","Everyday / creator workflow"
"17","Everyday","Gaming","Roblox","Present","winutil_roblox","Gaming","Existing coverage","Existing catalog metadata","https://www.roblox.com/","Roblox.Roblox","Catalog presence only; installation and continued publisher support were not re-tested.","2026-10-01","Everyday / creator workflow"
"18","Everyday","Gaming","Steam","Present","app14","Gaming","Existing coverage","Current Patch My PC support list","https://patchmypc.com/product/home-updater/","Valve.Steam","Catalog presence only; installation and continued publisher support were not re-tested.","2026-10-01","Everyday / creator workflow"
"19","Everyday","Gaming","Sunshine","Present","extra_sunshine","Gaming","Existing coverage","Existing catalog metadata","https://app.lizardbyte.dev/Sunshine/","LizardByte.Sunshine","Catalog presence only; installation and continued publisher support were not re-tested.","2026-10-01","Everyday / creator workflow"
"20","Everyday","Gaming","Ubisoft Connect","Present","winutil_ubisoft","Gaming","Existing coverage","Current Patch My PC support list","https://patchmypc.com/product/home-updater/","Ubisoft.Connect","Catalog presence only; installation and continued publisher support were not re-tested.","2026-10-01","Everyday / creator workflow"
"21","Everyday","Gaming","Valorant","Present","app16","Gaming","Existing coverage","Existing catalog metadata","https://playvalorant.com/en-gb/download/","https://playvalorant.com/en-gb/download/","Catalog presence only; installation and continued publisher support were not re-tested.","2026-10-01","Everyday / creator workflow"
"22","Everyday","Gaming","Virtual Desktop Streamer","Present","winutil_vrdesktopstreamer","Gaming","Existing coverage","Existing catalog metadata","https://www.vrdesktop.net/","VirtualDesktop.Streamer","Catalog presence only; installation and continued publisher support were not re-tested.","2026-10-01","Everyday / creator workflow"
"23","Everyday","Gaming","Xbox","Present","daily_xbox","Gaming","Existing coverage","Existing catalog metadata","https://www.xbox.com/en-US/apps/xbox-app-for-pc","https://www.xbox.com/en-US/apps/xbox-app-for-pc","Catalog presence only; installation and continued publisher support were not re-tested.","2026-10-01","Everyday / creator workflow"
"24","Everyday","Gaming","Dolphin","Missing","","","Complementary candidate","Publisher page reviewed","https://dolphin-emu.org/download/","Not validated","Official Windows builds; requires Visual C++ v14.","2026-10-01","Everyday / creator workflow"
"25","Everyday","Gaming","DOSBox-X","Missing","","","Complementary candidate","Current Patch My PC support list","https://patchmypc.com/product/home-updater/","Not validated","Support-list presence confirms a Windows distribution signal, not popularity, maintenance or an install test.","2026-10-01","Everyday / creator workflow"
"26","Everyday","Gaming","PPSSPP","Missing","","","Complementary candidate","Publisher page reviewed","https://www.ppsspp.org/download/","Not validated","Official Windows PSP emulator download.","2026-10-01","Everyday / creator workflow"
"27","Everyday","Gaming","RetroArch","Missing","","","Complementary candidate","Publisher page reviewed","https://www.retroarch.com/?page=platforms","Not validated","Official Windows downloads; multi-system emulator frontend.","2026-10-01","Everyday / creator workflow"
"28","Everyday","Gaming","Vortex","Missing","","","Complementary candidate","Current Patch My PC support list","https://patchmypc.com/product/home-updater/","Not validated","Support-list presence confirms a Windows distribution signal, not popularity, maintenance or an install test.","2026-10-01","Everyday / creator workflow"
"29","Everyday","Gaming","Amazon Games","Missing","","","Complementary candidate","Candidate; publisher/Windows verification pending","","Not validated","A research lead, not a verified Windows addition.","2026-10-01","Everyday / creator workflow"
"30","Everyday","Gaming","Lossless Scaling","Missing","","","Complementary candidate","Candidate; publisher/Windows verification pending","","Not validated","A research lead, not a verified Windows addition.","2026-10-01","Everyday / creator workflow"
"31","Everyday","Gaming","Ludusavi","Missing","","","Complementary candidate","Candidate; publisher/Windows verification pending","","Not validated","A research lead, not a verified Windows addition.","2026-10-01","Everyday / creator workflow"
"32","Everyday","Gaming","Mod Organizer 2","Missing","","","Complementary candidate","Candidate; publisher/Windows verification pending","","Not validated","A research lead, not a verified Windows addition.","2026-10-01","Everyday / creator workflow"
"33","Everyday","Gaming","OpenTTD","Missing","","","Complementary candidate","Candidate; publisher/Windows verification pending","","Not validated","A research lead, not a verified Windows addition.","2026-10-01","Everyday / creator workflow"
"34","Everyday","Gaming","PCSX2","Missing","","","Complementary candidate","Candidate; publisher/Windows verification pending","","Not validated","A research lead, not a verified Windows addition.","2026-10-01","Everyday / creator workflow"
"35","Everyday","Gaming","ReShade","Missing","","","Complementary candidate","Candidate; publisher/Windows verification pending","","Not validated","A research lead, not a verified Windows addition.","2026-10-01","Everyday / creator workflow"
"36","Everyday","Gaming","Rockstar Games Launcher","Missing","","","Complementary candidate","Candidate; publisher/Windows verification pending","","Not validated","A research lead, not a verified Windows addition.","2026-10-01","Everyday / creator workflow"
"37","Everyday","Gaming","RPCS3","Missing","","","Complementary candidate","Candidate; publisher/Windows verification pending","","Not validated","A research lead, not a verified Windows addition.","2026-10-01","Everyday / creator workflow"
"38","Everyday","Gaming","ScummVM","Missing","","","Complementary candidate","Candidate; publisher/Windows verification pending","","Not validated","A research lead, not a verified Windows addition.","2026-10-01","Everyday / creator workflow"
"39","Everyday","Gaming","Special K","Missing","","","Complementary candidate","Candidate; publisher/Windows verification pending","","Not validated","A research lead, not a verified Windows addition.","2026-10-01","Everyday / creator workflow"
"40","Everyday","Gaming","SuperTuxKart","Missing","","","Complementary candidate","Candidate; publisher/Windows verification pending","","Not validated","A research lead, not a verified Windows addition.","2026-10-01","Everyday / creator workflow"
"41","Everyday","Gaming","Wargaming Game Center","Missing","","","Complementary candidate","Candidate; publisher/Windows verification pending","","Not validated","A research lead, not a verified Windows addition.","2026-10-01","Everyday / creator workflow"
"1","Create","Video Editing","CapCut","Missing","","","Priority gap","Publisher page reviewed","https://www.capcut.com/resource/capcut-for-windows","Not validated","Windows video editor; account/features may vary.","2026-10-01","Everyday / creator workflow"
"2","Create","Video Editing","Microsoft Clipchamp","Windows/vendor-provided","","","Priority gap","Publisher page reviewed","https://clipchamp.com/en/windows-video-editor/","Not validated","Windows 11 often includes it; list it as Windows-provided, not a mandatory new download.","2026-10-01","Everyday / creator workflow"
"3","Create","Video Editing","MKVToolNix","Missing","","","Priority gap","Current Patch My PC support list","https://patchmypc.com/product/home-updater/","Not validated","Support-list presence confirms a Windows distribution signal, not popularity, maintenance or an install test.","2026-10-01","Everyday / creator workflow"
"4","Create","Video Editing","Shutter Encoder","Missing","","","Priority gap","Publisher page reviewed","https://www.shutterencoder.com/","Not validated","Video conversion/transcoding workflow.","2026-10-01","Everyday / creator workflow"
"5","Create","Video Editing","Subtitle Edit","Missing","","","Priority gap","Current Patch My PC support list","https://patchmypc.com/product/home-updater/","Not validated","Support-list presence confirms a Windows distribution signal, not popularity, maintenance or an install test.","2026-10-01","Everyday / creator workflow"
"6","Create","Video Editing","Adobe After Effects","Covered by suite","daily_adobe_creative_cloud","Design & Photography","Existing coverage","Existing suite coverage mapping","https://creativecloud.adobe.com/apps/download/creative-cloud","https://creativecloud.adobe.com/apps/download/creative-cloud","Covered through a suite/download route; not installed individually and licensing still applies.","2026-10-01","Professional reference"
"7","Create","Video Editing","Adobe Creative Cloud","Present","daily_adobe_creative_cloud","Design & Photography","Existing coverage","Existing catalog metadata","https://creativecloud.adobe.com/apps/download/creative-cloud","https://creativecloud.adobe.com/apps/download/creative-cloud","Catalog presence only; installation and continued publisher support were not re-tested.","2026-10-01","Professional reference"
"8","Create","Video Editing","Adobe Premiere Pro","Covered by suite","daily_adobe_creative_cloud","Design & Photography","Existing coverage","Existing suite coverage mapping","https://creativecloud.adobe.com/apps/download/creative-cloud","https://creativecloud.adobe.com/apps/download/creative-cloud","Covered through a suite/download route; not installed individually and licensing still applies.","2026-10-01","Professional reference"
"9","Create","Video Editing","Blender","Present","extra_blender","3D & CAD","Existing coverage","Current Patch My PC support list","https://patchmypc.com/product/home-updater/","BlenderFoundation.Blender","Catalog presence only; installation and continued publisher support were not re-tested.","2026-10-01","Everyday / creator workflow"
"10","Create","Video Editing","Canva","Present","daily_canva","Design & Photography","Existing coverage","Current Patch My PC support list","https://patchmypc.com/product/home-updater/","Canva.Canva","Catalog presence only; installation and continued publisher support were not re-tested.","2026-10-01","Everyday / creator workflow"
"11","Create","Video Editing","DaVinci Resolve","Present","resolve","Video Editing","Existing coverage","Current Patch My PC support list","https://patchmypc.com/product/home-updater/","https://www.blackmagicdesign.com/products/davinciresolve","Catalog presence only; installation and continued publisher support were not re-tested.","2026-10-01","Professional reference"
"12","Create","Video Editing","FFmpeg","Present","daily_ffmpeg","Video Editing","Existing coverage","Current Patch My PC support list","https://patchmypc.com/product/home-updater/","Gyan.FFmpeg","Catalog presence only; installation and continued publisher support were not re-tested.","2026-10-01","Everyday / creator workflow"
"13","Create","Video Editing","File Converter","Present","extra_fileconverter","Files & Downloads","Existing coverage","Existing catalog metadata","https://file-converter.io/","AdrienAllard.FileConverter","Catalog presence only; installation and continued publisher support were not re-tested.","2026-10-01","Everyday / creator workflow"
"14","Create","Video Editing","HandBrake","Present","extra_handbrake","Video Editing","Existing coverage","Current Patch My PC support list","https://patchmypc.com/product/home-updater/","HandBrake.HandBrake","Catalog presence only; installation and continued publisher support were not re-tested.","2026-10-01","Everyday / creator workflow"
"15","Create","Video Editing","Kdenlive","Present","daily_kdenlive","Video Editing","Existing coverage","Current Patch My PC support list","https://patchmypc.com/product/home-updater/","KDE.Kdenlive","Catalog presence only; installation and continued publisher support were not re-tested.","2026-10-01","Everyday / creator workflow"
"16","Create","Video Editing","LosslessCut","Present","daily_losslesscut","Video Editing","Existing coverage","Current Patch My PC support list","https://patchmypc.com/product/home-updater/","https://github.com/mifi/lossless-cut/releases","Catalog presence only; installation and continued publisher support were not re-tested.","2026-10-01","Everyday / creator workflow"
"17","Create","Video Editing","OpenShot","Present","daily_openshot","Video Editing","Existing coverage","Current Patch My PC support list","https://patchmypc.com/product/home-updater/","OpenShot.OpenShot","Catalog presence only; installation and continued publisher support were not re-tested.","2026-10-01","Everyday / creator workflow"
"18","Create","Video Editing","Shotcut","Present","daily_shotcut","Video Editing","Existing coverage","Current Patch My PC support list","https://patchmypc.com/product/home-updater/","Meltytech.Shotcut","Catalog presence only; installation and continued publisher support were not re-tested.","2026-10-01","Everyday / creator workflow"
"19","Create","Video Editing","Adobe Media Encoder","Missing","","","Complementary candidate","Publisher page reviewed","https://www.adobe.com/products/media-encoder.html","Not validated","Creative Cloud encoding tool; not an independent installation/license promise.","2026-10-01","Everyday / creator workflow"
"20","Create","Video Editing","Any Video Converter","Missing","","","Complementary candidate","Current Patch My PC support list","https://patchmypc.com/product/home-updater/","Not validated","Support-list presence confirms a Windows distribution signal, not popularity, maintenance or an install test.","2026-10-01","Everyday / creator workflow"
"21","Create","Video Editing","Bandicut","Missing","","","Complementary candidate","Current Patch My PC support list","https://patchmypc.com/product/home-updater/","Not validated","Support-list presence confirms a Windows distribution signal, not popularity, maintenance or an install test.","2026-10-01","Everyday / creator workflow"
"22","Create","Video Editing","BD Rebuilder","Missing","","","Complementary candidate","Current Patch My PC support list","https://patchmypc.com/product/home-updater/","Not validated","Support-list presence confirms a Windows distribution signal, not popularity, maintenance or an install test.","2026-10-01","Everyday / creator workflow"
"23","Create","Video Editing","BDInfo","Missing","","","Complementary candidate","Current Patch My PC support list","https://patchmypc.com/product/home-updater/","Not validated","Support-list presence confirms a Windows distribution signal, not popularity, maintenance or an install test.","2026-10-01","Everyday / creator workflow"
"24","Create","Video Editing","CyberLink PowerDirector","Missing","","","Complementary candidate","Publisher page reviewed","https://www.cyberlink.com/products/powerdirector-video-editing-software/overview_en_US.html","Not validated","Video-production option; verify Windows installer/plan.","2026-10-01","Everyday / creator workflow"
"25","Create","Video Editing","Freemake Video Converter","Missing","","","Complementary candidate","Current Patch My PC support list","https://patchmypc.com/product/home-updater/","Not validated","Support-list presence confirms a Windows distribution signal, not popularity, maintenance or an install test.","2026-10-01","Everyday / creator workflow"
"26","Create","Video Editing","gMKVExtractGUI","Missing","","","Complementary candidate","Current Patch My PC support list","https://patchmypc.com/product/home-updater/","Not validated","Support-list presence confirms a Windows distribution signal, not popularity, maintenance or an install test.","2026-10-01","Everyday / creator workflow"
"27","Create","Video Editing","MakeMKV","Missing","","","Complementary candidate","Current Patch My PC support list","https://patchmypc.com/product/home-updater/","Not validated","Support-list presence confirms a Windows distribution signal, not popularity, maintenance or an install test.","2026-10-01","Everyday / creator workflow"
"28","Create","Video Editing","MediaInfo","Missing","","","Complementary candidate","Current Patch My PC support list","https://patchmypc.com/product/home-updater/","Not validated","Support-list presence confirms a Windows distribution signal, not popularity, maintenance or an install test.","2026-10-01","Everyday / creator workflow"
"29","Create","Video Editing","MeGUI","Missing","","","Complementary candidate","Current Patch My PC support list","https://patchmypc.com/product/home-updater/","Not validated","Support-list presence confirms a Windows distribution signal, not popularity, maintenance or an install test.","2026-10-01","Everyday / creator workflow"
"30","Create","Video Editing","StaxRip","Missing","","","Complementary candidate","Current Patch My PC support list","https://patchmypc.com/product/home-updater/","Not validated","Support-list presence confirms a Windows distribution signal, not popularity, maintenance or an install test.","2026-10-01","Everyday / creator workflow"
"31","Create","Video Editing","Subtitle Workshop","Missing","","","Complementary candidate","Current Patch My PC support list","https://patchmypc.com/product/home-updater/","Not validated","Support-list presence confirms a Windows distribution signal, not popularity, maintenance or an install test.","2026-10-01","Everyday / creator workflow"
"32","Create","Video Editing","VEGAS Pro","Missing","","","Complementary candidate","Publisher page reviewed","https://www.vegascreativesoftware.com/","Not validated","Video-production option; current vendor/installer/plan need confirmation before adding.","2026-10-01","Professional reference"
"33","Create","Video Editing","Wise Video Converter","Missing","","","Complementary candidate","Current Patch My PC support list","https://patchmypc.com/product/home-updater/","Not validated","Support-list presence confirms a Windows distribution signal, not popularity, maintenance or an install test.","2026-10-01","Everyday / creator workflow"
"34","Create","Video Editing","XMedia Recode","Missing","","","Complementary candidate","Current Patch My PC support list","https://patchmypc.com/product/home-updater/","Not validated","Support-list presence confirms a Windows distribution signal, not popularity, maintenance or an install test.","2026-10-01","Everyday / creator workflow"
"35","Create","Video Editing","Avid Media Composer","Missing","","","Complementary candidate","Candidate; publisher/Windows verification pending","","Not validated","A research lead, not a verified Windows addition.","2026-10-01","Professional reference"
"36","Create","Video Editing","Avidemux","Missing","","","Complementary candidate","Candidate; publisher/Windows verification pending","","Not validated","A research lead, not a verified Windows addition.","2026-10-01","Everyday / creator workflow"
"37","Create","Video Editing","Blackmagic Fusion","Missing","","","Complementary candidate","Candidate; publisher/Windows verification pending","","Not validated","A research lead, not a verified Windows addition.","2026-10-01","Everyday / creator workflow"
"38","Create","Video Editing","DVDStyler","Missing","","","Complementary candidate","Candidate; publisher/Windows verification pending","","Not validated","A research lead, not a verified Windows addition.","2026-10-01","Everyday / creator workflow"
"39","Create","Video Editing","EDIUS","Missing","","","Complementary candidate","Candidate; publisher/Windows verification pending","","Not validated","A research lead, not a verified Windows addition.","2026-10-01","Everyday / creator workflow"
"40","Create","Video Editing","Lightworks","Missing","","","Complementary candidate","Candidate; publisher/Windows verification pending","","Not validated","A research lead, not a verified Windows addition.","2026-10-01","Everyday / creator workflow"
"41","Create","Video Editing","Natron","Missing","","","Complementary candidate","Candidate; publisher/Windows verification pending","","Not validated","A research lead, not a verified Windows addition.","2026-10-01","Everyday / creator workflow"
"42","Create","Video Editing","Nuke","Missing","","","Complementary candidate","Candidate; publisher/Windows verification pending","","Not validated","A research lead, not a verified Windows addition.","2026-10-01","Professional reference"
"43","Create","Video Editing","Pinnacle Studio","Missing","","","Complementary candidate","Candidate; publisher/Windows verification pending","","Not validated","A research lead, not a verified Windows addition.","2026-10-01","Everyday / creator workflow"
"44","Create","Video Editing","VidCoder","Missing","","","Complementary candidate","Candidate; publisher/Windows verification pending","","Not validated","A research lead, not a verified Windows addition.","2026-10-01","Everyday / creator workflow"
"45","Create","Video Editing","VideoPad","Missing","","","Complementary candidate","Candidate; publisher/Windows verification pending","","Not validated","A research lead, not a verified Windows addition.","2026-10-01","Everyday / creator workflow"
"46","Create","Video Editing","VirtualDub2","Missing","","","Complementary candidate","Candidate; publisher/Windows verification pending","","Not validated","A research lead, not a verified Windows addition.","2026-10-01","Everyday / creator workflow"
"47","Create","Video Editing","VSDC Free Video Editor","Missing","","","Complementary candidate","Candidate; publisher/Windows verification pending","","Not validated","A research lead, not a verified Windows addition.","2026-10-01","Everyday / creator workflow"
"48","Create","Video Editing","Wondershare Filmora","Missing","","","Complementary candidate","Candidate; publisher/Windows verification pending","","Not validated","A research lead, not a verified Windows addition.","2026-10-01","Everyday / creator workflow"
"1","Create","Audio Production","Ableton Live","Missing","","","Priority gap","Publisher page reviewed","https://help.ableton.com/hc/en-us/articles/209775965-Windows-Compatibility-with-Live","Not validated","Professional music-production option; licensed/account installation.","2026-10-01","Professional reference"
"2","Create","Audio Production","Bitwig Studio","Missing","","","Priority gap","Publisher page reviewed","https://www.bitwig.com/download/","Not validated","Windows download and requirements confirmed; licensed/trial application.","2026-10-01","Professional reference"
"3","Create","Audio Production","Cakewalk Sonar","Missing","","","Priority gap","Publisher page reviewed","https://www.cakewalk.com/sonar","Not validated","Current Windows DAW; activation/renewal required.","2026-10-01","Professional reference"
"4","Create","Audio Production","Fender Studio Pro","Missing","","","Priority gap","Publisher page reviewed","https://www.fender.com/pages/fender-studio-pro","Not validated","Current successor branding to Studio One; verify licensing/account download before adding.","2026-10-01","Professional reference"
"5","Create","Audio Production","Adobe Audition","Covered by suite","daily_adobe_creative_cloud","Design & Photography","Existing coverage","Existing suite coverage mapping","https://creativecloud.adobe.com/apps/download/creative-cloud","https://creativecloud.adobe.com/apps/download/creative-cloud","Covered through a suite/download route; not installed individually and licensing still applies.","2026-10-01","Professional reference"
"6","Create","Audio Production","Adobe Creative Cloud","Present","daily_adobe_creative_cloud","Design & Photography","Existing coverage","Existing catalog metadata","https://creativecloud.adobe.com/apps/download/creative-cloud","https://creativecloud.adobe.com/apps/download/creative-cloud","Catalog presence only; installation and continued publisher support were not re-tested.","2026-10-01","Professional reference"
"7","Create","Audio Production","Audacity","Present","extra_audacity","Audio Production","Existing coverage","Current Patch My PC support list","https://patchmypc.com/product/home-updater/","Audacity.Audacity","Catalog presence only; installation and continued publisher support were not re-tested.","2026-10-01","Everyday / creator workflow"
"8","Create","Audio Production","FFmpeg","Present","daily_ffmpeg","Video Editing","Existing coverage","Current Patch My PC support list","https://patchmypc.com/product/home-updater/","Gyan.FFmpeg","Catalog presence only; installation and continued publisher support were not re-tested.","2026-10-01","Everyday / creator workflow"
"9","Create","Audio Production","FL Studio","Present","flstudio","Audio Production","Existing coverage","Existing catalog metadata","https://www.image-line.com/fl-studio/download","https://www.image-line.com/fl-studio/download","Catalog presence only; installation and continued publisher support were not re-tested.","2026-10-01","Professional reference"
"10","Create","Audio Production","MuseScore Studio","Present","daily_musescore_studio","Audio Production","Existing coverage","Current Patch My PC support list","https://patchmypc.com/product/home-updater/","https://musescore.org/en/download","Catalog presence only; installation and continued publisher support were not re-tested.","2026-10-01","Everyday / creator workflow"
"11","Create","Audio Production","REAPER","Present","app25","Audio Production","Existing coverage","Existing catalog metadata","","Cockos.REAPER","Catalog presence only; installation and continued publisher support were not re-tested.","2026-10-01","Professional reference"
"12","Create","Audio Production","Cakewalk Next","Missing","","","Complementary candidate","Publisher page reviewed","https://help.cakewalk.com/hc/en-us/articles/37259908610201-Cakewalk-Product-Center","Not validated","Product Center download route; account installation.","2026-10-01","Everyday / creator workflow"
"13","Create","Audio Production","CUETools","Missing","","","Complementary candidate","Current Patch My PC support list","https://patchmypc.com/product/home-updater/","Not validated","Support-list presence confirms a Windows distribution signal, not popularity, maintenance or an install test.","2026-10-01","Everyday / creator workflow"
"14","Create","Audio Production","Exact Audio Copy","Missing","","","Complementary candidate","Current Patch My PC support list","https://patchmypc.com/product/home-updater/","Not validated","Support-list presence confirms a Windows distribution signal, not popularity, maintenance or an install test.","2026-10-01","Everyday / creator workflow"
"15","Create","Audio Production","FLAC Encoder","Missing","","","Complementary candidate","Current Patch My PC support list","https://patchmypc.com/product/home-updater/","Not validated","Support-list presence confirms a Windows distribution signal, not popularity, maintenance or an install test.","2026-10-01","Everyday / creator workflow"
"16","Create","Audio Production","LMMS","Missing","","","Complementary candidate","Current Patch My PC support list","https://patchmypc.com/product/home-updater/","Not validated","Support-list presence confirms a Windows distribution signal, not popularity, maintenance or an install test.","2026-10-01","Everyday / creator workflow"
"17","Create","Audio Production","MediaHuman Audio Convert","Missing","","","Complementary candidate","Current Patch My PC support list","https://patchmypc.com/product/home-updater/","Not validated","Support-list presence confirms a Windows distribution signal, not popularity, maintenance or an install test.","2026-10-01","Everyday / creator workflow"
"18","Create","Audio Production","Mp3tag","Missing","","","Complementary candidate","Current Patch My PC support list","https://patchmypc.com/product/home-updater/","Not validated","Support-list presence confirms a Windows distribution signal, not popularity, maintenance or an install test.","2026-10-01","Everyday / creator workflow"
"19","Create","Audio Production","MusicBrainz Picard","Missing","","","Complementary candidate","Current Patch My PC support list","https://patchmypc.com/product/home-updater/","Not validated","Support-list presence confirms a Windows distribution signal, not popularity, maintenance or an install test.","2026-10-01","Everyday / creator workflow"
"20","Create","Audio Production","ocenaudio","Missing","","","Complementary candidate","Publisher page reviewed","https://www.ocenaudio.com/download","Not validated","Official Windows audio-editor download.","2026-10-01","Everyday / creator workflow"
"21","Create","Audio Production","TagScanner","Missing","","","Complementary candidate","Current Patch My PC support list","https://patchmypc.com/product/home-updater/","Not validated","Support-list presence confirms a Windows distribution signal, not popularity, maintenance or an install test.","2026-10-01","Everyday / creator workflow"
"22","Create","Audio Production","ACID Pro","Missing","","","Complementary candidate","Candidate; publisher/Windows verification pending","","Not validated","A research lead, not a verified Windows addition.","2026-10-01","Everyday / creator workflow"
"23","Create","Audio Production","Acon Acoustica","Missing","","","Complementary candidate","Candidate; publisher/Windows verification pending","","Not validated","A research lead, not a verified Windows addition.","2026-10-01","Everyday / creator workflow"
"24","Create","Audio Production","Ardour","Missing","","","Complementary candidate","Candidate; publisher/Windows verification pending","","Not validated","A research lead, not a verified Windows addition.","2026-10-01","Everyday / creator workflow"
"25","Create","Audio Production","Bespoke Synth","Missing","","","Complementary candidate","Candidate; publisher/Windows verification pending","","Not validated","A research lead, not a verified Windows addition.","2026-10-01","Everyday / creator workflow"
"26","Create","Audio Production","Cubase","Missing","","","Complementary candidate","Candidate; publisher/Windows verification pending","","Not validated","A research lead, not a verified Windows addition.","2026-10-01","Professional reference"
"27","Create","Audio Production","Dorico","Missing","","","Complementary candidate","Candidate; publisher/Windows verification pending","","Not validated","A research lead, not a verified Windows addition.","2026-10-01","Everyday / creator workflow"
"28","Create","Audio Production","FamiStudio","Missing","","","Complementary candidate","Candidate; publisher/Windows verification pending","","Not validated","A research lead, not a verified Windows addition.","2026-10-01","Everyday / creator workflow"
"29","Create","Audio Production","fre:ac","Missing","","","Complementary candidate","Candidate; publisher/Windows verification pending","","Not validated","A research lead, not a verified Windows addition.","2026-10-01","Everyday / creator workflow"
"30","Create","Audio Production","Furnace","Missing","","","Complementary candidate","Candidate; publisher/Windows verification pending","","Not validated","A research lead, not a verified Windows addition.","2026-10-01","Everyday / creator workflow"
"31","Create","Audio Production","Guitar Pro","Missing","","","Complementary candidate","Candidate; publisher/Windows verification pending","","Not validated","A research lead, not a verified Windows addition.","2026-10-01","Everyday / creator workflow"
"32","Create","Audio Production","Hydrogen","Missing","","","Complementary candidate","Candidate; publisher/Windows verification pending","","Not validated","A research lead, not a verified Windows addition.","2026-10-01","Everyday / creator workflow"
"33","Create","Audio Production","iZotope RX","Missing","","","Complementary candidate","Candidate; publisher/Windows verification pending","","Not validated","A research lead, not a verified Windows addition.","2026-10-01","Everyday / creator workflow"
"34","Create","Audio Production","MAGIX Music Maker","Missing","","","Complementary candidate","Candidate; publisher/Windows verification pending","","Not validated","A research lead, not a verified Windows addition.","2026-10-01","Everyday / creator workflow"
"35","Create","Audio Production","MilkyTracker","Missing","","","Complementary candidate","Candidate; publisher/Windows verification pending","","Not validated","A research lead, not a verified Windows addition.","2026-10-01","Everyday / creator workflow"
"36","Create","Audio Production","Mixcraft","Missing","","","Complementary candidate","Candidate; publisher/Windows verification pending","","Not validated","A research lead, not a verified Windows addition.","2026-10-01","Everyday / creator workflow"
"37","Create","Audio Production","Mixxx","Missing","","","Complementary candidate","Candidate; publisher/Windows verification pending","","Not validated","A research lead, not a verified Windows addition.","2026-10-01","Everyday / creator workflow"
"38","Create","Audio Production","OpenMPT","Missing","","","Complementary candidate","Candidate; publisher/Windows verification pending","","Not validated","A research lead, not a verified Windows addition.","2026-10-01","Everyday / creator workflow"
"39","Create","Audio Production","Reason","Missing","","","Complementary candidate","Candidate; publisher/Windows verification pending","","Not validated","A research lead, not a verified Windows addition.","2026-10-01","Everyday / creator workflow"
"40","Create","Audio Production","rekordbox","Missing","","","Complementary candidate","Candidate; publisher/Windows verification pending","","Not validated","A research lead, not a verified Windows addition.","2026-10-01","Everyday / creator workflow"
"41","Create","Audio Production","Renoise","Missing","","","Complementary candidate","Candidate; publisher/Windows verification pending","","Not validated","A research lead, not a verified Windows addition.","2026-10-01","Everyday / creator workflow"
"42","Create","Audio Production","Serato DJ Pro","Missing","","","Complementary candidate","Candidate; publisher/Windows verification pending","","Not validated","A research lead, not a verified Windows addition.","2026-10-01","Everyday / creator workflow"
"43","Create","Audio Production","Serato Studio","Missing","","","Complementary candidate","Candidate; publisher/Windows verification pending","","Not validated","A research lead, not a verified Windows addition.","2026-10-01","Everyday / creator workflow"
"44","Create","Audio Production","Sibelius","Missing","","","Complementary candidate","Candidate; publisher/Windows verification pending","","Not validated","A research lead, not a verified Windows addition.","2026-10-01","Everyday / creator workflow"
"45","Create","Audio Production","Sonic Visualiser","Missing","","","Complementary candidate","Candidate; publisher/Windows verification pending","","Not validated","A research lead, not a verified Windows addition.","2026-10-01","Everyday / creator workflow"
"46","Create","Audio Production","Sound Forge","Missing","","","Complementary candidate","Candidate; publisher/Windows verification pending","","Not validated","A research lead, not a verified Windows addition.","2026-10-01","Everyday / creator workflow"
"47","Create","Audio Production","Spek","Missing","","","Complementary candidate","Candidate; publisher/Windows verification pending","","Not validated","A research lead, not a verified Windows addition.","2026-10-01","Everyday / creator workflow"
"48","Create","Audio Production","SunVox","Missing","","","Complementary candidate","Candidate; publisher/Windows verification pending","","Not validated","A research lead, not a verified Windows addition.","2026-10-01","Everyday / creator workflow"
"49","Create","Audio Production","Surge XT","Missing","","","Complementary candidate","Candidate; publisher/Windows verification pending","","Not validated","A research lead, not a verified Windows addition.","2026-10-01","Everyday / creator workflow"
"50","Create","Audio Production","Tracktion Waveform","Missing","","","Complementary candidate","Candidate; publisher/Windows verification pending","","Not validated","A research lead, not a verified Windows addition.","2026-10-01","Everyday / creator workflow"
"1","Create","Capture & Streaming","NVIDIA Broadcast","Missing","","","Priority gap","Publisher page reviewed","https://www.nvidia.com/en-us/geforce/broadcasting/broadcast-app/","Not validated","Requires compatible NVIDIA hardware; not an everyday default.","2026-10-01","Everyday / creator workflow"
"2","Create","Capture & Streaming","ScreenToGif","Missing","","","Priority gap","Current Patch My PC support list","https://patchmypc.com/product/home-updater/","Not validated","Support-list presence confirms a Windows distribution signal, not popularity, maintenance or an install test.","2026-10-01","Everyday / creator workflow"
"3","Create","Capture & Streaming","Streamlabs Desktop","Missing","","","Priority gap","Current Patch My PC support list","https://patchmypc.com/product/home-updater/","Not validated","Support-list presence confirms a Windows distribution signal, not popularity, maintenance or an install test.","2026-10-01","Everyday / creator workflow"
"4","Create","Capture & Streaming","Greenshot","Present","daily_greenshot","Capture & Streaming","Existing coverage","Current Patch My PC support list","https://patchmypc.com/product/home-updater/","Greenshot.Greenshot","Catalog presence only; installation and continued publisher support were not re-tested.","2026-10-01","Everyday / creator workflow"
"5","Create","Capture & Streaming","Lightshot","Present","daily_lightshot","Capture & Streaming","Existing coverage","Existing catalog metadata","https://app.prntscr.com/en/download.html","https://app.prntscr.com/en/download.html","Catalog presence only; installation and continued publisher support were not re-tested.","2026-10-01","Everyday / creator workflow"
"6","Create","Capture & Streaming","OBS Studio","Present","app11","Capture & Streaming","Existing coverage","Current Patch My PC support list","https://patchmypc.com/product/home-updater/","OBSProject.OBSStudio","Catalog presence only; installation and continued publisher support were not re-tested.","2026-10-01","Everyday / creator workflow"
"7","Create","Capture & Streaming","ShareX","Present","extra_sharex","Capture & Streaming","Existing coverage","Current Patch My PC support list","https://patchmypc.com/product/home-updater/","ShareX.ShareX","Catalog presence only; installation and continued publisher support were not re-tested.","2026-10-01","Everyday / creator workflow"
"8","Create","Capture & Streaming","Bandicam","Missing","","","Complementary candidate","Current Patch My PC support list","https://patchmypc.com/product/home-updater/","Not validated","Support-list presence confirms a Windows distribution signal, not popularity, maintenance or an install test.","2026-10-01","Everyday / creator workflow"
"9","Create","Capture & Streaming","Loom","Missing","","","Complementary candidate","Current Patch My PC support list","https://patchmypc.com/product/home-updater/","Not validated","Support-list presence confirms a Windows distribution signal, not popularity, maintenance or an install test.","2026-10-01","Everyday / creator workflow"
"10","Create","Capture & Streaming","PicPick","Missing","","","Complementary candidate","Current Patch My PC support list","https://patchmypc.com/product/home-updater/","Not validated","Support-list presence confirms a Windows distribution signal, not popularity, maintenance or an install test.","2026-10-01","Everyday / creator workflow"
"11","Create","Capture & Streaming","Screenpresso","Missing","","","Complementary candidate","Current Patch My PC support list","https://patchmypc.com/product/home-updater/","Not validated","Support-list presence confirms a Windows distribution signal, not popularity, maintenance or an install test.","2026-10-01","Everyday / creator workflow"
"12","Create","Capture & Streaming","Apowersoft Screen Recorder","Missing","","","Complementary candidate","Candidate; publisher/Windows verification pending","","Not validated","A research lead, not a verified Windows addition.","2026-10-01","Everyday / creator workflow"
"13","Create","Capture & Streaming","Camo Studio","Missing","","","Complementary candidate","Candidate; publisher/Windows verification pending","","Not validated","A research lead, not a verified Windows addition.","2026-10-01","Everyday / creator workflow"
"14","Create","Capture & Streaming","Camtasia","Missing","","","Complementary candidate","Candidate; publisher/Windows verification pending","","Not validated","A research lead, not a verified Windows addition.","2026-10-01","Everyday / creator workflow"
"15","Create","Capture & Streaming","Droplr","Missing","","","Complementary candidate","Candidate; publisher/Windows verification pending","","Not validated","A research lead, not a verified Windows addition.","2026-10-01","Everyday / creator workflow"
"16","Create","Capture & Streaming","Flameshot","Missing","","","Complementary candidate","Candidate; publisher/Windows verification pending","","Not validated","A research lead, not a verified Windows addition.","2026-10-01","Everyday / creator workflow"
"17","Create","Capture & Streaming","FlashBack","Missing","","","Complementary candidate","Candidate; publisher/Windows verification pending","","Not validated","A research lead, not a verified Windows addition.","2026-10-01","Everyday / creator workflow"
"18","Create","Capture & Streaming","Icecream Screen Recorder","Missing","","","Complementary candidate","Candidate; publisher/Windows verification pending","","Not validated","A research lead, not a verified Windows addition.","2026-10-01","Everyday / creator workflow"
"19","Create","Capture & Streaming","Ksnip","Missing","","","Complementary candidate","Candidate; publisher/Windows verification pending","","Not validated","A research lead, not a verified Windows addition.","2026-10-01","Everyday / creator workflow"
"20","Create","Capture & Streaming","ManyCam","Missing","","","Complementary candidate","Candidate; publisher/Windows verification pending","","Not validated","A research lead, not a verified Windows addition.","2026-10-01","Everyday / creator workflow"
"21","Create","Capture & Streaming","Mirillis Action!","Missing","","","Complementary candidate","Candidate; publisher/Windows verification pending","","Not validated","A research lead, not a verified Windows addition.","2026-10-01","Everyday / creator workflow"
"22","Create","Capture & Streaming","Monosnap","Missing","","","Complementary candidate","Candidate; publisher/Windows verification pending","","Not validated","A research lead, not a verified Windows addition.","2026-10-01","Everyday / creator workflow"
"23","Create","Capture & Streaming","ScreenRec","Missing","","","Complementary candidate","Candidate; publisher/Windows verification pending","","Not validated","A research lead, not a verified Windows addition.","2026-10-01","Everyday / creator workflow"
"24","Create","Capture & Streaming","Snagit","Missing","","","Complementary candidate","Candidate; publisher/Windows verification pending","","Not validated","A research lead, not a verified Windows addition.","2026-10-01","Everyday / creator workflow"
"25","Create","Capture & Streaming","SplitCam","Missing","","","Complementary candidate","Candidate; publisher/Windows verification pending","","Not validated","A research lead, not a verified Windows addition.","2026-10-01","Everyday / creator workflow"
"26","Create","Capture & Streaming","TikTok LIVE Studio","Missing","","","Complementary candidate","Candidate; publisher/Windows verification pending","","Not validated","A research lead, not a verified Windows addition.","2026-10-01","Everyday / creator workflow"
"27","Create","Capture & Streaming","vMix","Missing","","","Complementary candidate","Candidate; publisher/Windows verification pending","","Not validated","A research lead, not a verified Windows addition.","2026-10-01","Everyday / creator workflow"
"28","Create","Capture & Streaming","VSeeFace","Missing","","","Complementary candidate","Candidate; publisher/Windows verification pending","","Not validated","A research lead, not a verified Windows addition.","2026-10-01","Everyday / creator workflow"
"29","Create","Capture & Streaming","XSplit Broadcaster","Missing","","","Complementary candidate","Candidate; publisher/Windows verification pending","","Not validated","A research lead, not a verified Windows addition.","2026-10-01","Everyday / creator workflow"
"30","Create","Capture & Streaming","XSplit VCam","Missing","","","Complementary candidate","Candidate; publisher/Windows verification pending","","Not validated","A research lead, not a verified Windows addition.","2026-10-01","Everyday / creator workflow"
"31","Create","Capture & Streaming","Dxtory","Missing","","","Compatibility only","Candidate; publisher/Windows verification pending","","Not validated","A research lead, not a verified Windows addition.","2026-10-01","Compatibility / dependency"
"32","Create","Capture & Streaming","Fraps","Missing","","","Compatibility only","Candidate; publisher/Windows verification pending","","Not validated","A research lead, not a verified Windows addition.","2026-10-01","Compatibility / dependency"
"1","Create","Design & Photography","Scribus","Missing","","","Priority gap","Current Patch My PC support list","https://patchmypc.com/product/home-updater/","Not validated","Support-list presence confirms a Windows distribution signal, not popularity, maintenance or an install test.","2026-10-01","Everyday / creator workflow"
"2","Create","Design & Photography","Adobe Creative Cloud","Present","daily_adobe_creative_cloud","Design & Photography","Existing coverage","Existing catalog metadata","https://creativecloud.adobe.com/apps/download/creative-cloud","https://creativecloud.adobe.com/apps/download/creative-cloud","Catalog presence only; installation and continued publisher support were not re-tested.","2026-10-01","Professional reference"
"3","Create","Design & Photography","Adobe Illustrator","Covered by suite","daily_adobe_creative_cloud","Design & Photography","Existing coverage","Existing suite coverage mapping","https://creativecloud.adobe.com/apps/download/creative-cloud","https://creativecloud.adobe.com/apps/download/creative-cloud","Covered through a suite/download route; not installed individually and licensing still applies.","2026-10-01","Everyday / creator workflow"
"4","Create","Design & Photography","Adobe InDesign","Covered by suite","daily_adobe_creative_cloud","Design & Photography","Existing coverage","Existing suite coverage mapping","https://creativecloud.adobe.com/apps/download/creative-cloud","https://creativecloud.adobe.com/apps/download/creative-cloud","Covered through a suite/download route; not installed individually and licensing still applies.","2026-10-01","Everyday / creator workflow"
"5","Create","Design & Photography","Adobe Lightroom","Covered by suite","daily_adobe_creative_cloud","Design & Photography","Existing coverage","Existing suite coverage mapping","https://creativecloud.adobe.com/apps/download/creative-cloud","https://creativecloud.adobe.com/apps/download/creative-cloud","Covered through a suite/download route; not installed individually and licensing still applies.","2026-10-01","Everyday / creator workflow"
"6","Create","Design & Photography","Adobe Photoshop","Covered by suite","daily_adobe_creative_cloud","Design & Photography","Existing coverage","Existing suite coverage mapping","https://creativecloud.adobe.com/apps/download/creative-cloud","https://creativecloud.adobe.com/apps/download/creative-cloud","Covered through a suite/download route; not installed individually and licensing still applies.","2026-10-01","Everyday / creator workflow"
"7","Create","Design & Photography","Affinity","Present","affinity","Design & Photography","Existing coverage","Existing catalog metadata","https://www.affinity.studio/","https://www.affinity.studio/get-affinity","Catalog presence only; installation and continued publisher support were not re-tested.","2026-10-01","Everyday / creator workflow"
"8","Create","Design & Photography","Canva","Present","daily_canva","Design & Photography","Existing coverage","Current Patch My PC support list","https://patchmypc.com/product/home-updater/","Canva.Canva","Catalog presence only; installation and continued publisher support were not re-tested.","2026-10-01","Everyday / creator workflow"
"9","Create","Design & Photography","ComfyUI Desktop","Present","comfy","AI Tools","Existing coverage","Existing catalog metadata","","Comfy.ComfyUI-Desktop","Catalog presence only; installation and continued publisher support were not re-tested.","2026-10-01","Everyday / creator workflow"
"10","Create","Design & Photography","darktable","Present","daily_darktable","Design & Photography","Existing coverage","Current Patch My PC support list","https://patchmypc.com/product/home-updater/","darktable.darktable","Catalog presence only; installation and continued publisher support were not re-tested.","2026-10-01","Everyday / creator workflow"
"11","Create","Design & Photography","Figma","Present","daily_figma","Design & Photography","Existing coverage","Current Patch My PC support list","https://patchmypc.com/product/home-updater/","Figma.Figma","Catalog presence only; installation and continued publisher support were not re-tested.","2026-10-01","Everyday / creator workflow"
"12","Create","Design & Photography","GIMP","Present","extra_gimp","Design & Photography","Existing coverage","Current Patch My PC support list","https://patchmypc.com/product/home-updater/","GIMP.GIMP.3","Catalog presence only; installation and continued publisher support were not re-tested.","2026-10-01","Everyday / creator workflow"
"13","Create","Design & Photography","Inkscape","Present","daily_inkscape","Design & Photography","Existing coverage","Current Patch My PC support list","https://patchmypc.com/product/home-updater/","Inkscape.Inkscape","Catalog presence only; installation and continued publisher support were not re-tested.","2026-10-01","Everyday / creator workflow"
"14","Create","Design & Photography","Krita","Present","daily_krita","Design & Photography","Existing coverage","Current Patch My PC support list","https://patchmypc.com/product/home-updater/","KDE.Krita","Catalog presence only; installation and continued publisher support were not re-tested.","2026-10-01","Everyday / creator workflow"
"15","Create","Design & Photography","Paint.NET","Present","winutil_paintdotnet","Design & Photography","Existing coverage","Current Patch My PC support list","https://patchmypc.com/product/home-updater/","dotPDN.PaintDotNet","Catalog presence only; installation and continued publisher support were not re-tested.","2026-10-01","Everyday / creator workflow"
"16","Create","Design & Photography","RawTherapee","Present","daily_rawtherapee","Design & Photography","Existing coverage","Existing catalog metadata","https://www.rawtherapee.com/downloads/","RawTherapee.RawTherapee","Catalog presence only; installation and continued publisher support were not re-tested.","2026-10-01","Everyday / creator workflow"
"17","Create","Design & Photography","ExiftoolGUI","Missing","","","Complementary candidate","Current Patch My PC support list","https://patchmypc.com/product/home-updater/","Not validated","Support-list presence confirms a Windows distribution signal, not popularity, maintenance or an install test.","2026-10-01","Everyday / creator workflow"
"18","Create","Design & Photography","FastStone Photo Resizer","Missing","","","Complementary candidate","Current Patch My PC support list","https://patchmypc.com/product/home-updater/","Not validated","Support-list presence confirms a Windows distribution signal, not popularity, maintenance or an install test.","2026-10-01","Everyday / creator workflow"
"19","Create","Design & Photography","FileOptimizer","Missing","","","Complementary candidate","Current Patch My PC support list","https://patchmypc.com/product/home-updater/","Not validated","Support-list presence confirms a Windows distribution signal, not popularity, maintenance or an install test.","2026-10-01","Everyday / creator workflow"
"20","Create","Design & Photography","ImageMagick","Missing","","","Complementary candidate","Current Patch My PC support list","https://patchmypc.com/product/home-updater/","Not validated","Support-list presence confirms a Windows distribution signal, not popularity, maintenance or an install test.","2026-10-01","Everyday / creator workflow"
"21","Create","Design & Photography","Tux Paint","Missing","","","Complementary candidate","Current Patch My PC support list","https://patchmypc.com/product/home-updater/","Not validated","Support-list presence confirms a Windows distribution signal, not popularity, maintenance or an install test.","2026-10-01","Everyday / creator workflow"
"22","Create","Design & Photography","Upscayl","Missing","","","Complementary candidate","Current Patch My PC support list","https://patchmypc.com/product/home-updater/","Not validated","Support-list presence confirms a Windows distribution signal, not popularity, maintenance or an install test.","2026-10-01","Everyday / creator workflow"
"23","Create","Design & Photography","ACDSee Photo Studio","Missing","","","Complementary candidate","Candidate; publisher/Windows verification pending","","Not validated","A research lead, not a verified Windows addition.","2026-10-01","Everyday / creator workflow"
"24","Create","Design & Photography","ArtRage","Missing","","","Complementary candidate","Candidate; publisher/Windows verification pending","","Not validated","A research lead, not a verified Windows addition.","2026-10-01","Everyday / creator workflow"
"25","Create","Design & Photography","BirdFont","Missing","","","Complementary candidate","Candidate; publisher/Windows verification pending","","Not validated","A research lead, not a verified Windows addition.","2026-10-01","Everyday / creator workflow"
"26","Create","Design & Photography","Caesium Image Compressor","Missing","","","Complementary candidate","Candidate; publisher/Windows verification pending","","Not validated","A research lead, not a verified Windows addition.","2026-10-01","Everyday / creator workflow"
"27","Create","Design & Photography","Capture One","Missing","","","Complementary candidate","Candidate; publisher/Windows verification pending","","Not validated","A research lead, not a verified Windows addition.","2026-10-01","Everyday / creator workflow"
"28","Create","Design & Photography","Clip Studio Paint","Missing","","","Complementary candidate","Candidate; publisher/Windows verification pending","","Not validated","A research lead, not a verified Windows addition.","2026-10-01","Everyday / creator workflow"
"29","Create","Design & Photography","Corel Painter","Missing","","","Complementary candidate","Candidate; publisher/Windows verification pending","","Not validated","A research lead, not a verified Windows addition.","2026-10-01","Everyday / creator workflow"
"30","Create","Design & Photography","Corel PaintShop Pro","Missing","","","Complementary candidate","Candidate; publisher/Windows verification pending","","Not validated","A research lead, not a verified Windows addition.","2026-10-01","Everyday / creator workflow"
"31","Create","Design & Photography","CorelDRAW","Missing","","","Complementary candidate","Candidate; publisher/Windows verification pending","","Not validated","A research lead, not a verified Windows addition.","2026-10-01","Everyday / creator workflow"
"32","Create","Design & Photography","DxO PhotoLab","Missing","","","Complementary candidate","Candidate; publisher/Windows verification pending","","Not validated","A research lead, not a verified Windows addition.","2026-10-01","Everyday / creator workflow"
"33","Create","Design & Photography","ExifTool","Missing","","","Complementary candidate","Candidate; publisher/Windows verification pending","","Not validated","A research lead, not a verified Windows addition.","2026-10-01","Everyday / creator workflow"
"34","Create","Design & Photography","FireAlpaca","Missing","","","Complementary candidate","Candidate; publisher/Windows verification pending","","Not validated","A research lead, not a verified Windows addition.","2026-10-01","Everyday / creator workflow"
"35","Create","Design & Photography","FontForge","Missing","","","Complementary candidate","Candidate; publisher/Windows verification pending","","Not validated","A research lead, not a verified Windows addition.","2026-10-01","Everyday / creator workflow"
"36","Create","Design & Photography","Luminar Neo","Missing","","","Complementary candidate","Candidate; publisher/Windows verification pending","","Not validated","A research lead, not a verified Windows addition.","2026-10-01","Everyday / creator workflow"
"37","Create","Design & Photography","Lunacy","Missing","","","Complementary candidate","Candidate; publisher/Windows verification pending","","Not validated","A research lead, not a verified Windows addition.","2026-10-01","Everyday / creator workflow"
"38","Create","Design & Photography","MediBang Paint","Missing","","","Complementary candidate","Candidate; publisher/Windows verification pending","","Not validated","A research lead, not a verified Windows addition.","2026-10-01","Everyday / creator workflow"
"39","Create","Design & Photography","ON1 Photo RAW","Missing","","","Complementary candidate","Candidate; publisher/Windows verification pending","","Not validated","A research lead, not a verified Windows addition.","2026-10-01","Everyday / creator workflow"
"40","Create","Design & Photography","OpenToonz","Missing","","","Complementary candidate","Candidate; publisher/Windows verification pending","","Not validated","A research lead, not a verified Windows addition.","2026-10-01","Everyday / creator workflow"
"41","Create","Design & Photography","Pencil2D","Missing","","","Complementary candidate","Candidate; publisher/Windows verification pending","","Not validated","A research lead, not a verified Windows addition.","2026-10-01","Everyday / creator workflow"
"42","Create","Design & Photography","PhotoScape X","Missing","","","Complementary candidate","Candidate; publisher/Windows verification pending","","Not validated","A research lead, not a verified Windows addition.","2026-10-01","Everyday / creator workflow"
"43","Create","Design & Photography","Rebelle","Missing","","","Complementary candidate","Candidate; publisher/Windows verification pending","","Not validated","A research lead, not a verified Windows addition.","2026-10-01","Everyday / creator workflow"
"44","Create","Design & Photography","RIOT","Missing","","","Complementary candidate","Candidate; publisher/Windows verification pending","","Not validated","A research lead, not a verified Windows addition.","2026-10-01","Everyday / creator workflow"
"45","Create","Design & Photography","Synfig Studio","Missing","","","Complementary candidate","Candidate; publisher/Windows verification pending","","Not validated","A research lead, not a verified Windows addition.","2026-10-01","Everyday / creator workflow"
"46","Create","Design & Photography","Topaz Gigapixel","Missing","","","Complementary candidate","Candidate; publisher/Windows verification pending","","Not validated","A research lead, not a verified Windows addition.","2026-10-01","Everyday / creator workflow"
"47","Create","Design & Photography","Topaz Photo","Missing","","","Complementary candidate","Candidate; publisher/Windows verification pending","","Not validated","A research lead, not a verified Windows addition.","2026-10-01","Everyday / creator workflow"
"48","Create","Design & Photography","Xara Designer Pro","Missing","","","Complementary candidate","Candidate; publisher/Windows verification pending","","Not validated","A research lead, not a verified Windows addition.","2026-10-01","Everyday / creator workflow"
"1","Create","3D & CAD","KiCad","Missing","","","Priority gap","Publisher page reviewed","https://www.kicad.org/download/windows/","Not validated","Official Windows downloads; specialist electronics/PCB design.","2026-10-01","Professional reference"
"2","Create","3D & CAD","LibreCAD","Missing","","","Priority gap","Current Patch My PC support list","https://patchmypc.com/product/home-updater/","Not validated","Support-list presence confirms a Windows distribution signal, not popularity, maintenance or an install test.","2026-10-01","Specialist / occasional workflow"
"3","Create","3D & CAD","OrcaSlicer","Missing","","","Priority gap","Publisher page reviewed","https://github.com/OrcaSlicer/OrcaSlicer","Not validated","Official project confirms Windows installers and official domain; printer-specific workflow.","2026-10-01","Specialist / occasional workflow"
"4","Create","3D & CAD","PrusaSlicer","Missing","","","Priority gap","Publisher page reviewed","https://www.prusa3d.com/p/prusaslicer/","Not validated","Windows 3D-print preparation, useful beyond one printer vendor.","2026-10-01","Specialist / occasional workflow"
"5","Create","3D & CAD","Autodesk Fusion","Present","fusion","3D & CAD","Existing coverage","Existing catalog metadata","https://www.autodesk.com/products/fusion-360/overview","https://www.autodesk.com/products/fusion-360/overview","Catalog presence only; installation and continued publisher support were not re-tested.","2026-10-01","Specialist / occasional workflow"
"6","Create","3D & CAD","Bambu Studio","Present","bambu","3D & CAD","Existing coverage","Current Patch My PC support list","https://patchmypc.com/product/home-updater/","Bambulab.Bambustudio","Catalog presence only; installation and continued publisher support were not re-tested.","2026-10-01","Specialist / occasional workflow"
"7","Create","3D & CAD","Blender","Present","extra_blender","3D & CAD","Existing coverage","Current Patch My PC support list","https://patchmypc.com/product/home-updater/","BlenderFoundation.Blender","Catalog presence only; installation and continued publisher support were not re-tested.","2026-10-01","Specialist / occasional workflow"
"8","Create","3D & CAD","FreeCAD","Present","daily_freecad","3D & CAD","Existing coverage","Current Patch My PC support list","https://patchmypc.com/product/home-updater/","FreeCAD.FreeCAD","Catalog presence only; installation and continued publisher support were not re-tested.","2026-10-01","Specialist / occasional workflow"
"9","Create","3D & CAD","SketchUp","Present","daily_sketchup","3D & CAD","Existing coverage","Existing catalog metadata","https://www.sketchup.com/en/download/all","https://www.sketchup.com/en/download/all","Catalog presence only; installation and continued publisher support were not re-tested.","2026-10-01","Specialist / occasional workflow"
"10","Create","3D & CAD","UltiMaker Cura","Present","daily_ultimaker_cura","3D & CAD","Existing coverage","Current Patch My PC support list","https://patchmypc.com/product/home-updater/","Ultimaker.Cura","Catalog presence only; installation and continued publisher support were not re-tested.","2026-10-01","Specialist / occasional workflow"
"11","Create","3D & CAD","3DF Zephyr Free","Missing","","","Complementary candidate","Candidate; publisher/Windows verification pending","","Not validated","A research lead, not a verified Windows addition.","2026-10-01","Specialist / occasional workflow"
"12","Create","3D & CAD","Agisoft Metashape","Missing","","","Complementary candidate","Candidate; publisher/Windows verification pending","","Not validated","A research lead, not a verified Windows addition.","2026-10-01","Specialist / occasional workflow"
"13","Create","3D & CAD","Altium Designer","Missing","","","Complementary candidate","Candidate; publisher/Windows verification pending","","Not validated","A research lead, not a verified Windows addition.","2026-10-01","Specialist / occasional workflow"
"14","Create","3D & CAD","Anycubic Photon Workshop","Missing","","","Complementary candidate","Candidate; publisher/Windows verification pending","","Not validated","A research lead, not a verified Windows addition.","2026-10-01","Specialist / occasional workflow"
"15","Create","3D & CAD","Artec Studio","Missing","","","Complementary candidate","Candidate; publisher/Windows verification pending","","Not validated","A research lead, not a verified Windows addition.","2026-10-01","Specialist / occasional workflow"
"16","Create","3D & CAD","AutoCAD","Missing","","","Complementary candidate","Candidate; publisher/Windows verification pending","","Not validated","A research lead, not a verified Windows addition.","2026-10-01","Professional reference"
"17","Create","3D & CAD","Autodesk 3ds Max","Missing","","","Complementary candidate","Candidate; publisher/Windows verification pending","","Not validated","A research lead, not a verified Windows addition.","2026-10-01","Specialist / occasional workflow"
"18","Create","3D & CAD","Autodesk Inventor","Missing","","","Complementary candidate","Candidate; publisher/Windows verification pending","","Not validated","A research lead, not a verified Windows addition.","2026-10-01","Specialist / occasional workflow"
"19","Create","3D & CAD","Autodesk Maya","Missing","","","Complementary candidate","Candidate; publisher/Windows verification pending","","Not validated","A research lead, not a verified Windows addition.","2026-10-01","Professional reference"
"20","Create","3D & CAD","Autodesk ReCap","Missing","","","Complementary candidate","Candidate; publisher/Windows verification pending","","Not validated","A research lead, not a verified Windows addition.","2026-10-01","Specialist / occasional workflow"
"21","Create","3D & CAD","Autodesk Revit","Missing","","","Complementary candidate","Candidate; publisher/Windows verification pending","","Not validated","A research lead, not a verified Windows addition.","2026-10-01","Professional reference"
"22","Create","3D & CAD","BricsCAD","Missing","","","Complementary candidate","Candidate; publisher/Windows verification pending","","Not validated","A research lead, not a verified Windows addition.","2026-10-01","Specialist / occasional workflow"
"23","Create","3D & CAD","CATIA","Missing","","","Complementary candidate","Candidate; publisher/Windows verification pending","","Not validated","A research lead, not a verified Windows addition.","2026-10-01","Specialist / occasional workflow"
"24","Create","3D & CAD","CHITUBOX","Missing","","","Complementary candidate","Candidate; publisher/Windows verification pending","","Not validated","A research lead, not a verified Windows addition.","2026-10-01","Specialist / occasional workflow"
"25","Create","3D & CAD","Cinema 4D","Missing","","","Complementary candidate","Candidate; publisher/Windows verification pending","","Not validated","A research lead, not a verified Windows addition.","2026-10-01","Specialist / occasional workflow"
"26","Create","3D & CAD","CloudCompare","Missing","","","Complementary candidate","Candidate; publisher/Windows verification pending","","Not validated","A research lead, not a verified Windows addition.","2026-10-01","Specialist / occasional workflow"
"27","Create","3D & CAD","Creality Print","Missing","","","Complementary candidate","Candidate; publisher/Windows verification pending","","Not validated","A research lead, not a verified Windows addition.","2026-10-01","Specialist / occasional workflow"
"28","Create","3D & CAD","DraftSight","Missing","","","Complementary candidate","Candidate; publisher/Windows verification pending","","Not validated","A research lead, not a verified Windows addition.","2026-10-01","Specialist / occasional workflow"
"29","Create","3D & CAD","EasyEDA","Missing","","","Complementary candidate","Candidate; publisher/Windows verification pending","","Not validated","A research lead, not a verified Windows addition.","2026-10-01","Specialist / occasional workflow"
"30","Create","3D & CAD","FlashPrint","Missing","","","Complementary candidate","Candidate; publisher/Windows verification pending","","Not validated","A research lead, not a verified Windows addition.","2026-10-01","Specialist / occasional workflow"
"31","Create","3D & CAD","Fritzing","Missing","","","Complementary candidate","Candidate; publisher/Windows verification pending","","Not validated","A research lead, not a verified Windows addition.","2026-10-01","Specialist / occasional workflow"
"32","Create","3D & CAD","Geomagic Design X","Missing","","","Complementary candidate","Candidate; publisher/Windows verification pending","","Not validated","A research lead, not a verified Windows addition.","2026-10-01","Specialist / occasional workflow"
"33","Create","3D & CAD","Gmsh","Missing","","","Complementary candidate","Candidate; publisher/Windows verification pending","","Not validated","A research lead, not a verified Windows addition.","2026-10-01","Specialist / occasional workflow"
"34","Create","3D & CAD","Houdini","Missing","","","Complementary candidate","Candidate; publisher/Windows verification pending","","Not validated","A research lead, not a verified Windows addition.","2026-10-01","Professional reference"
"35","Create","3D & CAD","ideaMaker","Missing","","","Complementary candidate","Candidate; publisher/Windows verification pending","","Not validated","A research lead, not a verified Windows addition.","2026-10-01","Specialist / occasional workflow"
"36","Create","3D & CAD","Lychee Slicer","Missing","","","Complementary candidate","Candidate; publisher/Windows verification pending","","Not validated","A research lead, not a verified Windows addition.","2026-10-01","Specialist / occasional workflow"
"37","Create","3D & CAD","MeshLab","Missing","","","Complementary candidate","Candidate; publisher/Windows verification pending","","Not validated","A research lead, not a verified Windows addition.","2026-10-01","Specialist / occasional workflow"
"38","Create","3D & CAD","OpenSCAD","Missing","","","Complementary candidate","Candidate; publisher/Windows verification pending","","Not validated","A research lead, not a verified Windows addition.","2026-10-01","Specialist / occasional workflow"
"39","Create","3D & CAD","QCAD","Missing","","","Complementary candidate","Candidate; publisher/Windows verification pending","","Not validated","A research lead, not a verified Windows addition.","2026-10-01","Specialist / occasional workflow"
"40","Create","3D & CAD","RealityScan","Missing","","","Complementary candidate","Candidate; publisher/Windows verification pending","","Not validated","A research lead, not a verified Windows addition.","2026-10-01","Specialist / occasional workflow"
"41","Create","3D & CAD","Rhino","Missing","","","Complementary candidate","Candidate; publisher/Windows verification pending","","Not validated","A research lead, not a verified Windows addition.","2026-10-01","Professional reference"
"42","Create","3D & CAD","SALOME","Missing","","","Complementary candidate","Candidate; publisher/Windows verification pending","","Not validated","A research lead, not a verified Windows addition.","2026-10-01","Specialist / occasional workflow"
"43","Create","3D & CAD","Siemens NX","Missing","","","Complementary candidate","Candidate; publisher/Windows verification pending","","Not validated","A research lead, not a verified Windows addition.","2026-10-01","Specialist / occasional workflow"
"44","Create","3D & CAD","Simplify3D","Missing","","","Complementary candidate","Candidate; publisher/Windows verification pending","","Not validated","A research lead, not a verified Windows addition.","2026-10-01","Specialist / occasional workflow"
"45","Create","3D & CAD","Snapmaker Luban","Missing","","","Complementary candidate","Candidate; publisher/Windows verification pending","","Not validated","A research lead, not a verified Windows addition.","2026-10-01","Specialist / occasional workflow"
"46","Create","3D & CAD","Solid Edge","Missing","","","Complementary candidate","Candidate; publisher/Windows verification pending","","Not validated","A research lead, not a verified Windows addition.","2026-10-01","Specialist / occasional workflow"
"47","Create","3D & CAD","SOLIDWORKS","Missing","","","Complementary candidate","Candidate; publisher/Windows verification pending","","Not validated","A research lead, not a verified Windows addition.","2026-10-01","Professional reference"
"48","Create","3D & CAD","SolveSpace","Missing","","","Complementary candidate","Candidate; publisher/Windows verification pending","","Not validated","A research lead, not a verified Windows addition.","2026-10-01","Specialist / occasional workflow"
"49","Create","3D & CAD","SuperSlicer","Missing","","","Complementary candidate","Candidate; publisher/Windows verification pending","","Not validated","A research lead, not a verified Windows addition.","2026-10-01","Specialist / occasional workflow"
"50","Create","3D & CAD","ZBrush","Missing","","","Complementary candidate","Candidate; publisher/Windows verification pending","","Not validated","A research lead, not a verified Windows addition.","2026-10-01","Specialist / occasional workflow"
"1","Files & Storage","Files & Downloads","Bandizip","Missing","","","Priority gap","Current Patch My PC support list","https://patchmypc.com/product/home-updater/","Not validated","Support-list presence confirms a Windows distribution signal, not popularity, maintenance or an install test.","2026-10-01","Everyday / creator workflow"
"2","Files & Storage","Files & Downloads","DupeGuru","Missing","","","Priority gap","Current Patch My PC support list","https://patchmypc.com/product/home-updater/","Not validated","Support-list presence confirms a Windows distribution signal, not popularity, maintenance or an install test.","2026-10-01","Everyday / creator workflow"
"3","Files & Storage","Files & Downloads","FreeCommander XE","Missing","","","Priority gap","Current Patch My PC support list","https://patchmypc.com/product/home-updater/","Not validated","Support-list presence confirms a Windows distribution signal, not popularity, maintenance or an install test.","2026-10-01","Everyday / creator workflow"
"4","Files & Storage","Files & Downloads","Transmission","Missing","","","Priority gap","Current Patch My PC support list","https://patchmypc.com/product/home-updater/","Not validated","Support-list presence confirms a Windows distribution signal, not popularity, maintenance or an install test.","2026-10-01","Everyday / creator workflow"
"5","Files & Storage","Files & Downloads","JDownloader 2","Missing","","","Priority gap","Candidate; publisher/Windows verification pending","","Not validated","A research lead, not a verified Windows addition.","2026-10-01","Everyday / creator workflow"
"6","Files & Storage","Files & Downloads","OneCommander","Missing","","","Priority gap","Candidate; publisher/Windows verification pending","","Not validated","A research lead, not a verified Windows addition.","2026-10-01","Everyday / creator workflow"
"7","Files & Storage","Files & Downloads","7-Zip","Present","extra_7zip","Files & Downloads","Existing coverage","Current Patch My PC support list","https://patchmypc.com/product/home-updater/","7zip.7zip","Catalog presence only; installation and continued publisher support were not re-tested.","2026-10-01","Everyday / creator workflow"
"8","Files & Storage","Files & Downloads","Blip","Present","blip","Files & Downloads","Existing coverage","Existing catalog metadata","https://blip.net/","https://blip.net/","Catalog presence only; installation and continued publisher support were not re-tested.","2026-10-01","Everyday / creator workflow"
"9","Files & Storage","Files & Downloads","Bulk Rename Utility","Present","daily_bulk_rename_utility","Files & Downloads","Existing coverage","Current Patch My PC support list","https://patchmypc.com/product/home-updater/","TGRMNSoftware.BulkRenameUtility","Catalog presence only; installation and continued publisher support were not re-tested.","2026-10-01","Everyday / creator workflow"
"10","Files & Storage","Files & Downloads","Cyberduck","Present","daily_cyberduck","Files & Downloads","Existing coverage","Current Patch My PC support list","https://patchmypc.com/product/home-updater/","https://cyberduck.io/download/","Catalog presence only; installation and continued publisher support were not re-tested.","2026-10-01","Everyday / creator workflow"
"11","Files & Storage","Files & Downloads","Deluge","Present","app5","Files & Downloads","Existing coverage","Existing catalog metadata","","DelugeTeam.Deluge","Catalog presence only; installation and continued publisher support were not re-tested.","2026-10-01","Everyday / creator workflow"
"12","Files & Storage","Files & Downloads","Double Commander","Present","daily_double_commander","Files & Downloads","Existing coverage","Current Patch My PC support list","https://patchmypc.com/product/home-updater/","alexx2000.DoubleCommander","Catalog presence only; installation and continued publisher support were not re-tested.","2026-10-01","Everyday / creator workflow"
"13","Files & Storage","Files & Downloads","Everything","Present","app17","Files & Downloads","Existing coverage","Current Patch My PC support list","https://patchmypc.com/product/home-updater/","voidtools.Everything","Catalog presence only; installation and continued publisher support were not re-tested.","2026-10-01","Everyday / creator workflow"
"14","Files & Storage","Files & Downloads","File Converter","Present","extra_fileconverter","Files & Downloads","Existing coverage","Existing catalog metadata","https://file-converter.io/","AdrienAllard.FileConverter","Catalog presence only; installation and continued publisher support were not re-tested.","2026-10-01","Everyday / creator workflow"
"15","Files & Storage","Files & Downloads","Files","Present","winutil_files","Files & Downloads","Existing coverage","Existing catalog metadata","https://files.community","FilesCommunity.Files","Catalog presence only; installation and continued publisher support were not re-tested.","2026-10-01","Everyday / creator workflow"
"16","Files & Storage","Files & Downloads","FileZilla","Present","daily_filezilla","Files & Downloads","Existing coverage","Current Patch My PC support list","https://patchmypc.com/product/home-updater/","https://filezilla-project.org/download.php?type=client","Catalog presence only; installation and continued publisher support were not re-tested.","2026-10-01","Everyday / creator workflow"
"17","Files & Storage","Files & Downloads","Free Download Manager","Present","daily_free_download_manager","Files & Downloads","Existing coverage","Current Patch My PC support list","https://patchmypc.com/product/home-updater/","SoftDeluxe.FreeDownloadManager","Catalog presence only; installation and continued publisher support were not re-tested.","2026-10-01","Everyday / creator workflow"
"18","Files & Storage","Files & Downloads","Internet Download Manager","Present","winutil_internetdownloadmanager","Files & Downloads","Existing coverage","Existing catalog metadata","https://www.internetdownloadmanager.com/","Tonec.InternetDownloadManager","Catalog presence only; installation and continued publisher support were not re-tested.","2026-10-01","Everyday / creator workflow"
"19","Files & Storage","Files & Downloads","LocalSend","Present","extra_localsend","Files & Downloads","Existing coverage","Existing catalog metadata","https://localsend.org/","LocalSend.LocalSend","Catalog presence only; installation and continued publisher support were not re-tested.","2026-10-01","Everyday / creator workflow"
"20","Files & Storage","Files & Downloads","NanaZip","Present","app1","Files & Downloads","Existing coverage","Existing catalog metadata","","M2Team.NanaZip","Catalog presence only; installation and continued publisher support were not re-tested.","2026-10-01","Everyday / creator workflow"
"21","Files & Storage","Files & Downloads","PeaZip","Present","extra_peazip","Files & Downloads","Existing coverage","Current Patch My PC support list","https://patchmypc.com/product/home-updater/","Giorgiotani.Peazip","Catalog presence only; installation and continued publisher support were not re-tested.","2026-10-01","Everyday / creator workflow"
"22","Files & Storage","Files & Downloads","qBittorrent","Present","extra_qbittorrent","Files & Downloads","Existing coverage","Current Patch My PC support list","https://patchmypc.com/product/home-updater/","qBittorrent.qBittorrent","Catalog presence only; installation and continued publisher support were not re-tested.","2026-10-01","Everyday / creator workflow"
"23","Files & Storage","Files & Downloads","TeraCopy","Present","daily_teracopy","Files & Downloads","Existing coverage","Current Patch My PC support list","https://patchmypc.com/product/home-updater/","CodeSector.TeraCopy","Catalog presence only; installation and continued publisher support were not re-tested.","2026-10-01","Everyday / creator workflow"
"24","Files & Storage","Files & Downloads","Total Commander","Present","winutil_totalcommander","Files & Downloads","Existing coverage","Existing catalog metadata","https://www.ghisler.com/","Ghisler.TotalCommander","Catalog presence only; installation and continued publisher support were not re-tested.","2026-10-01","Everyday / creator workflow"
"25","Files & Storage","Files & Downloads","TreeSize Free","Present","winutil_treesize","Files & Downloads","Existing coverage","Current Patch My PC support list","https://patchmypc.com/product/home-updater/","JAMSoftware.TreeSize.Free","Catalog presence only; installation and continued publisher support were not re-tested.","2026-10-01","Everyday / creator workflow"
"26","Files & Storage","Files & Downloads","WinMerge","Present","daily_winmerge","Files & Downloads","Existing coverage","Current Patch My PC support list","https://patchmypc.com/product/home-updater/","WinMerge.WinMerge","Catalog presence only; installation and continued publisher support were not re-tested.","2026-10-01","Everyday / creator workflow"
"27","Files & Storage","Files & Downloads","WinRAR","Present","winutil_winrar","Files & Downloads","Existing coverage","Current Patch My PC support list","https://patchmypc.com/product/home-updater/","RARLab.WinRAR","Catalog presence only; installation and continued publisher support were not re-tested.","2026-10-01","Everyday / creator workflow"
"28","Files & Storage","Files & Downloads","WinSCP","Present","extra_winscp","Files & Downloads","Existing coverage","Current Patch My PC support list","https://patchmypc.com/product/home-updater/","WinSCP.WinSCP","Catalog presence only; installation and continued publisher support were not re-tested.","2026-10-01","Everyday / creator workflow"
"29","Files & Storage","Files & Downloads","WizTree","Present","winutil_wiztree","Files & Downloads","Existing coverage","Current Patch My PC support list","https://patchmypc.com/product/home-updater/","AntibodySoftware.WizTree","Catalog presence only; installation and continued publisher support were not re-tested.","2026-10-01","Everyday / creator workflow"
"30","Files & Storage","Files & Downloads","Advanced Renamer","Missing","","","Complementary candidate","Current Patch My PC support list","https://patchmypc.com/product/home-updater/","Not validated","Support-list presence confirms a Windows distribution signal, not popularity, maintenance or an install test.","2026-10-01","Everyday / creator workflow"
"31","Files & Storage","Files & Downloads","AllDup","Missing","","","Complementary candidate","Current Patch My PC support list","https://patchmypc.com/product/home-updater/","Not validated","Support-list presence confirms a Windows distribution signal, not popularity, maintenance or an install test.","2026-10-01","Everyday / creator workflow"
"32","Files & Storage","Files & Downloads","Copy Handler","Missing","","","Complementary candidate","Current Patch My PC support list","https://patchmypc.com/product/home-updater/","Not validated","Support-list presence confirms a Windows distribution signal, not popularity, maintenance or an install test.","2026-10-01","Everyday / creator workflow"
"33","Files & Storage","Files & Downloads","Core FTP LE","Missing","","","Complementary candidate","Current Patch My PC support list","https://patchmypc.com/product/home-updater/","Not validated","Support-list presence confirms a Windows distribution signal, not popularity, maintenance or an install test.","2026-10-01","Everyday / creator workflow"
"34","Files & Storage","Files & Downloads","eMule","Missing","","","Complementary candidate","Current Patch My PC support list","https://patchmypc.com/product/home-updater/","Not validated","Support-list presence confirms a Windows distribution signal, not popularity, maintenance or an install test.","2026-10-01","Everyday / creator workflow"
"35","Files & Storage","Files & Downloads","FTP Rush","Missing","","","Complementary candidate","Current Patch My PC support list","https://patchmypc.com/product/home-updater/","Not validated","Support-list presence confirms a Windows distribution signal, not popularity, maintenance or an install test.","2026-10-01","Everyday / creator workflow"
"36","Files & Storage","Files & Downloads","KDiff3","Missing","","","Complementary candidate","Current Patch My PC support list","https://patchmypc.com/product/home-updater/","Not validated","Support-list presence confirms a Windows distribution signal, not popularity, maintenance or an install test.","2026-10-01","Everyday / creator workflow"
"37","Files & Storage","Files & Downloads","MultiCommander","Missing","","","Complementary candidate","Current Patch My PC support list","https://patchmypc.com/product/home-updater/","Not validated","Support-list presence confirms a Windows distribution signal, not popularity, maintenance or an install test.","2026-10-01","Everyday / creator workflow"
"38","Files & Storage","Files & Downloads","Q-Dir","Missing","","","Complementary candidate","Current Patch My PC support list","https://patchmypc.com/product/home-updater/","Not validated","Support-list presence confirms a Windows distribution signal, not popularity, maintenance or an install test.","2026-10-01","Everyday / creator workflow"
"39","Files & Storage","Files & Downloads","ReNamer","Missing","","","Complementary candidate","Current Patch My PC support list","https://patchmypc.com/product/home-updater/","Not validated","Support-list presence confirms a Windows distribution signal, not popularity, maintenance or an install test.","2026-10-01","Everyday / creator workflow"
"40","Files & Storage","Files & Downloads","SABnzbd","Missing","","","Complementary candidate","Current Patch My PC support list","https://patchmypc.com/product/home-updater/","Not validated","Support-list presence confirms a Windows distribution signal, not popularity, maintenance or an install test.","2026-10-01","Everyday / creator workflow"
"41","Files & Storage","Files & Downloads","Tablacus Explorer","Missing","","","Complementary candidate","Current Patch My PC support list","https://patchmypc.com/product/home-updater/","Not validated","Support-list presence confirms a Windows distribution signal, not popularity, maintenance or an install test.","2026-10-01","Everyday / creator workflow"
"42","Files & Storage","Files & Downloads","Torrent File Editor","Missing","","","Complementary candidate","Current Patch My PC support list","https://patchmypc.com/product/home-updater/","Not validated","Support-list presence confirms a Windows distribution signal, not popularity, maintenance or an install test.","2026-10-01","Everyday / creator workflow"
"43","Files & Storage","Files & Downloads","Tremotesf","Missing","","","Complementary candidate","Current Patch My PC support list","https://patchmypc.com/product/home-updater/","Not validated","Support-list presence confirms a Windows distribution signal, not popularity, maintenance or an install test.","2026-10-01","Everyday / creator workflow"
"44","Files & Storage","Files & Downloads","UltraSearch","Missing","","","Complementary candidate","Current Patch My PC support list","https://patchmypc.com/product/home-updater/","Not validated","Support-list presence confirms a Windows distribution signal, not popularity, maintenance or an install test.","2026-10-01","Everyday / creator workflow"
"45","Files & Storage","Files & Downloads","VirtualCloneDrive","Missing","","","Complementary candidate","Current Patch My PC support list","https://patchmypc.com/product/home-updater/","Not validated","Support-list presence confirms a Windows distribution signal, not popularity, maintenance or an install test.","2026-10-01","Everyday / creator workflow"
"46","Files & Storage","Files & Downloads","WinCDEmu","Missing","","","Complementary candidate","Current Patch My PC support list","https://patchmypc.com/product/home-updater/","Not validated","Support-list presence confirms a Windows distribution signal, not popularity, maintenance or an install test.","2026-10-01","Everyday / creator workflow"
"47","Files & Storage","Files & Downloads","WizFile","Missing","","","Complementary candidate","Current Patch My PC support list","https://patchmypc.com/product/home-updater/","Not validated","Support-list presence confirms a Windows distribution signal, not popularity, maintenance or an install test.","2026-10-01","Everyday / creator workflow"
"48","Files & Storage","Files & Downloads","aria2","Missing","","","Complementary candidate","Candidate; publisher/Windows verification pending","","Not validated","A research lead, not a verified Windows addition.","2026-10-01","Everyday / creator workflow"
"49","Files & Storage","Files & Downloads","Directory Opus","Missing","","","Complementary candidate","Candidate; publisher/Windows verification pending","","Not validated","A research lead, not a verified Windows addition.","2026-10-01","Everyday / creator workflow"
"50","Files & Storage","Files & Downloads","Explorer++","Missing","","","Complementary candidate","Candidate; publisher/Windows verification pending","","Not validated","A research lead, not a verified Windows addition.","2026-10-01","Everyday / creator workflow"
"1","Files & Storage","Cloud & Backup","Box Drive","Missing","","","Priority gap","Current Patch My PC support list","https://patchmypc.com/product/home-updater/","Not validated","Support-list presence confirms a Windows distribution signal, not popularity, maintenance or an install test.","2026-10-01","Everyday / creator workflow"
"2","Files & Storage","Cloud & Backup","Duplicati","Missing","","","Priority gap","Publisher page reviewed","https://duplicati.com/download","Not validated","Official Windows installer; backup setup is separate from installing the app.","2026-10-01","Everyday / creator workflow"
"3","Files & Storage","Cloud & Backup","pCloud Drive","Missing","","","Priority gap","Current Patch My PC support list","https://patchmypc.com/product/home-updater/","Not validated","Support-list presence confirms a Windows distribution signal, not popularity, maintenance or an install test.","2026-10-01","Everyday / creator workflow"
"4","Files & Storage","Cloud & Backup","Veeam Agent for Microsoft Windows","Missing","","","Priority gap","Publisher page reviewed","https://www.veeam.com/products/free/microsoft-windows.html","Not validated","Windows backup option; verify download/account route.","2026-10-01","Everyday / creator workflow"
"5","Files & Storage","Cloud & Backup","Macrium Reflect","Missing","","","Priority gap","Candidate; publisher/Windows verification pending","","Not validated","A research lead, not a verified Windows addition.","2026-10-01","Everyday / creator workflow"
"6","Files & Storage","Cloud & Backup","Restic","Missing","","","Priority gap","Candidate; publisher/Windows verification pending","","Not validated","A research lead, not a verified Windows addition.","2026-10-01","Everyday / creator workflow"
"7","Files & Storage","Cloud & Backup","Dropbox","Present","winutil_dropbox","Cloud & Backup","Existing coverage","Current Patch My PC support list","https://patchmypc.com/product/home-updater/","Dropbox.Dropbox","Catalog presence only; installation and continued publisher support were not re-tested.","2026-10-01","Everyday / creator workflow"
"8","Files & Storage","Cloud & Backup","FreeFileSync","Present","daily_freefilesync","Cloud & Backup","Existing coverage","Existing catalog metadata","https://freefilesync.org/download.php","https://freefilesync.org/download.php","Catalog presence only; installation and continued publisher support were not re-tested.","2026-10-01","Everyday / creator workflow"
"9","Files & Storage","Cloud & Backup","Google Drive","Present","winutil_googledrive","Cloud & Backup","Existing coverage","Current Patch My PC support list","https://patchmypc.com/product/home-updater/","Google.GoogleDrive","Catalog presence only; installation and continued publisher support were not re-tested.","2026-10-01","Everyday / creator workflow"
"10","Files & Storage","Cloud & Backup","MEGAsync","Present","daily_megasync","Cloud & Backup","Existing coverage","Existing catalog metadata","https://mega.nz/sync","Mega.MEGASync","Catalog presence only; installation and continued publisher support were not re-tested.","2026-10-01","Everyday / creator workflow"
"11","Files & Storage","Cloud & Backup","Nextcloud Desktop","Present","extra_nextclouddesktop","Cloud & Backup","Existing coverage","Current Patch My PC support list","https://patchmypc.com/product/home-updater/","Nextcloud.NextcloudDesktop","Catalog presence only; installation and continued publisher support were not re-tested.","2026-10-01","Everyday / creator workflow"
"12","Files & Storage","Cloud & Backup","OneDrive","Present","winutil_onedrive","Cloud & Backup","Existing coverage","Existing catalog metadata","https://onedrive.live.com/","Microsoft.OneDrive","Catalog presence only; installation and continued publisher support were not re-tested.","2026-10-01","Everyday / creator workflow"
"13","Files & Storage","Cloud & Backup","Proton Drive","Present","app20","Cloud & Backup","Existing coverage","Current Patch My PC support list","https://patchmypc.com/product/home-updater/","Proton.ProtonDrive","Catalog presence only; installation and continued publisher support were not re-tested.","2026-10-01","Everyday / creator workflow"
"14","Files & Storage","Cloud & Backup","SyncBackFree","Present","daily_syncbackfree","Cloud & Backup","Existing coverage","Current Patch My PC support list","https://patchmypc.com/product/home-updater/","https://www.2brightsparks.com/freeware/freeware-hub.html","Catalog presence only; installation and continued publisher support were not re-tested.","2026-10-01","Everyday / creator workflow"
"15","Files & Storage","Cloud & Backup","Syncthing","Present","daily_syncthing","Cloud & Backup","Existing coverage","Existing catalog metadata","https://github.com/syncthing/syncthing","Syncthing.Syncthing","Catalog presence only; installation and continued publisher support were not re-tested.","2026-10-01","Everyday / creator workflow"
"16","Files & Storage","Cloud & Backup","Air Explorer","Missing","","","Complementary candidate","Current Patch My PC support list","https://patchmypc.com/product/home-updater/","Not validated","Support-list presence confirms a Windows distribution signal, not popularity, maintenance or an install test.","2026-10-01","Everyday / creator workflow"
"17","Files & Storage","Cloud & Backup","PureSync","Missing","","","Complementary candidate","Current Patch My PC support list","https://patchmypc.com/product/home-updater/","Not validated","Support-list presence confirms a Windows distribution signal, not popularity, maintenance or an install test.","2026-10-01","Everyday / creator workflow"
"18","Files & Storage","Cloud & Backup","Resilio Sync","Missing","","","Complementary candidate","Current Patch My PC support list","https://patchmypc.com/product/home-updater/","Not validated","Support-list presence confirms a Windows distribution signal, not popularity, maintenance or an install test.","2026-10-01","Everyday / creator workflow"
"19","Files & Storage","Cloud & Backup","Acronis True Image","Missing","","","Complementary candidate","Candidate; publisher/Windows verification pending","","Not validated","A research lead, not a verified Windows addition.","2026-10-01","Everyday / creator workflow"
"20","Files & Storage","Cloud & Backup","AOMEI Backupper","Missing","","","Complementary candidate","Candidate; publisher/Windows verification pending","","Not validated","A research lead, not a verified Windows addition.","2026-10-01","Everyday / creator workflow"
"21","Files & Storage","Cloud & Backup","Arq","Missing","","","Complementary candidate","Candidate; publisher/Windows verification pending","","Not validated","A research lead, not a verified Windows addition.","2026-10-01","Everyday / creator workflow"
"22","Files & Storage","Cloud & Backup","Backblaze","Missing","","","Complementary candidate","Candidate; publisher/Windows verification pending","","Not validated","A research lead, not a verified Windows addition.","2026-10-01","Everyday / creator workflow"
"23","Files & Storage","Cloud & Backup","Bvckup 2","Missing","","","Complementary candidate","Candidate; publisher/Windows verification pending","","Not validated","A research lead, not a verified Windows addition.","2026-10-01","Everyday / creator workflow"
"24","Files & Storage","Cloud & Backup","Carbonite","Missing","","","Complementary candidate","Candidate; publisher/Windows verification pending","","Not validated","A research lead, not a verified Windows addition.","2026-10-01","Everyday / creator workflow"
"25","Files & Storage","Cloud & Backup","Cobian Reflector","Missing","","","Complementary candidate","Candidate; publisher/Windows verification pending","","Not validated","A research lead, not a verified Windows addition.","2026-10-01","Everyday / creator workflow"
"26","Files & Storage","Cloud & Backup","CrashPlan","Missing","","","Complementary candidate","Candidate; publisher/Windows verification pending","","Not validated","A research lead, not a verified Windows addition.","2026-10-01","Everyday / creator workflow"
"27","Files & Storage","Cloud & Backup","Duplicacy","Missing","","","Complementary candidate","Candidate; publisher/Windows verification pending","","Not validated","A research lead, not a verified Windows addition.","2026-10-01","Everyday / creator workflow"
"28","Files & Storage","Cloud & Backup","EaseUS Todo Backup","Missing","","","Complementary candidate","Candidate; publisher/Windows verification pending","","Not validated","A research lead, not a verified Windows addition.","2026-10-01","Everyday / creator workflow"
"29","Files & Storage","Cloud & Backup","FBackup","Missing","","","Complementary candidate","Candidate; publisher/Windows verification pending","","Not validated","A research lead, not a verified Windows addition.","2026-10-01","Everyday / creator workflow"
"30","Files & Storage","Cloud & Backup","GoodSync","Missing","","","Complementary candidate","Candidate; publisher/Windows verification pending","","Not validated","A research lead, not a verified Windows addition.","2026-10-01","Everyday / creator workflow"
"31","Files & Storage","Cloud & Backup","Hasleo Backup Suite","Missing","","","Complementary candidate","Candidate; publisher/Windows verification pending","","Not validated","A research lead, not a verified Windows addition.","2026-10-01","Everyday / creator workflow"
"32","Files & Storage","Cloud & Backup","IDrive","Missing","","","Complementary candidate","Candidate; publisher/Windows verification pending","","Not validated","A research lead, not a verified Windows addition.","2026-10-01","Everyday / creator workflow"
"33","Files & Storage","Cloud & Backup","Kopia","Missing","","","Complementary candidate","Candidate; publisher/Windows verification pending","","Not validated","A research lead, not a verified Windows addition.","2026-10-01","Everyday / creator workflow"
"34","Files & Storage","Cloud & Backup","Mountain Duck","Missing","","","Complementary candidate","Candidate; publisher/Windows verification pending","","Not validated","A research lead, not a verified Windows addition.","2026-10-01","Everyday / creator workflow"
"35","Files & Storage","Cloud & Backup","ownCloud","Missing","","","Complementary candidate","Candidate; publisher/Windows verification pending","","Not validated","A research lead, not a verified Windows addition.","2026-10-01","Everyday / creator workflow"
"36","Files & Storage","Cloud & Backup","Rclone","Missing","","","Complementary candidate","Candidate; publisher/Windows verification pending","","Not validated","A research lead, not a verified Windows addition.","2026-10-01","Everyday / creator workflow"
"37","Files & Storage","Cloud & Backup","Rclone Browser","Missing","","","Complementary candidate","Candidate; publisher/Windows verification pending","","Not validated","A research lead, not a verified Windows addition.","2026-10-01","Everyday / creator workflow"
"38","Files & Storage","Cloud & Backup","SpiderOak One","Missing","","","Complementary candidate","Candidate; publisher/Windows verification pending","","Not validated","A research lead, not a verified Windows addition.","2026-10-01","Everyday / creator workflow"
"39","Files & Storage","Cloud & Backup","Sync.com","Missing","","","Complementary candidate","Candidate; publisher/Windows verification pending","","Not validated","A research lead, not a verified Windows addition.","2026-10-01","Everyday / creator workflow"
"40","Files & Storage","Cloud & Backup","Synology Active Backup for Business Agent","Missing","","","Complementary candidate","Candidate; publisher/Windows verification pending","","Not validated","A research lead, not a verified Windows addition.","2026-10-01","Everyday / creator workflow"
"41","Files & Storage","Cloud & Backup","Synology Drive Client","Missing","","","Complementary candidate","Candidate; publisher/Windows verification pending","","Not validated","A research lead, not a verified Windows addition.","2026-10-01","Everyday / creator workflow"
"42","Files & Storage","Cloud & Backup","Tresorit","Missing","","","Complementary candidate","Candidate; publisher/Windows verification pending","","Not validated","A research lead, not a verified Windows addition.","2026-10-01","Everyday / creator workflow"
"1","Files & Storage","Media Servers","Emby Server","Missing","","","Priority gap","Publisher page reviewed","https://emby.media/download.html","Not validated","Windows server and clients are distinct; some features need Premiere.","2026-10-01","Specialist / occasional workflow"
"2","Files & Storage","Media Servers","Universal Media Server","Missing","","","Priority gap","Publisher page reviewed","https://www.universalmediaserver.com/","Not validated","Official media-server download route; verify target build before addition.","2026-10-01","Specialist / occasional workflow"
"3","Files & Storage","Media Servers","Jellyfin Server","Present","winutil_jellyfinserver","Media Servers","Existing coverage","Existing catalog metadata","https://jellyfin.org/","Jellyfin.Server","Catalog presence only; installation and continued publisher support were not re-tested.","2026-10-01","Specialist / occasional workflow"
"4","Files & Storage","Media Servers","Plex Media Server","Present","winutil_plex","Media Servers","Existing coverage","Current Patch My PC support list","https://patchmypc.com/product/home-updater/","Plex.PlexMediaServer","Catalog presence only; installation and continued publisher support were not re-tested.","2026-10-01","Specialist / occasional workflow"
"5","Files & Storage","Media Servers","Airsonic-Advanced","Missing","","","Complementary candidate","Candidate; publisher/Windows verification pending","","Not validated","A research lead, not a verified Windows addition.","2026-10-01","Specialist / occasional workflow"
"6","Files & Storage","Media Servers","Asset UPnP","Missing","","","Complementary candidate","Candidate; publisher/Windows verification pending","","Not validated","A research lead, not a verified Windows addition.","2026-10-01","Specialist / occasional workflow"
"7","Files & Storage","Media Servers","JRiver Media Center","Missing","","","Complementary candidate","Candidate; publisher/Windows verification pending","","Not validated","A research lead, not a verified Windows addition.","2026-10-01","Specialist / occasional workflow"
"8","Files & Storage","Media Servers","Lyrion Music Server","Missing","","","Complementary candidate","Candidate; publisher/Windows verification pending","","Not validated","A research lead, not a verified Windows addition.","2026-10-01","Specialist / occasional workflow"
"9","Files & Storage","Media Servers","MediaPortal","Missing","","","Complementary candidate","Candidate; publisher/Windows verification pending","","Not validated","A research lead, not a verified Windows addition.","2026-10-01","Specialist / occasional workflow"
"10","Files & Storage","Media Servers","Navidrome","Missing","","","Complementary candidate","Candidate; publisher/Windows verification pending","","Not validated","A research lead, not a verified Windows addition.","2026-10-01","Specialist / occasional workflow"
"11","Files & Storage","Media Servers","Serviio","Missing","","","Complementary candidate","Candidate; publisher/Windows verification pending","","Not validated","A research lead, not a verified Windows addition.","2026-10-01","Specialist / occasional workflow"
"12","Files & Storage","Media Servers","Twonky Server","Missing","","","Complementary candidate","Candidate; publisher/Windows verification pending","","Not validated","A research lead, not a verified Windows addition.","2026-10-01","Specialist / occasional workflow"
"1","Files & Storage","Security & Privacy","1Password","Present","winutil_1password","Security & Privacy","Existing coverage","Existing catalog metadata","https://1password.com/","AgileBits.1Password","Catalog presence only; installation and continued publisher support were not re-tested.","2026-10-01","Everyday / creator workflow"
"2","Files & Storage","Security & Privacy","Bitwarden","Present","extra_bitwarden","Security & Privacy","Existing coverage","Current Patch My PC support list","https://patchmypc.com/product/home-updater/","Bitwarden.Bitwarden","Catalog presence only; installation and continued publisher support were not re-tested.","2026-10-01","Everyday / creator workflow"
"3","Files & Storage","Security & Privacy","Cloudflare WARP","Present","winutil_cloudflarewarp","Security & Privacy","Existing coverage","Existing catalog metadata","https://one.one.one.one","Cloudflare.Warp","Catalog presence only; installation and continued publisher support were not re-tested.","2026-10-01","Everyday / creator workflow"
"4","Files & Storage","Security & Privacy","Cryptomator","Present","daily_cryptomator","Security & Privacy","Existing coverage","Current Patch My PC support list","https://patchmypc.com/product/home-updater/","Cryptomator.Cryptomator","Catalog presence only; installation and continued publisher support were not re-tested.","2026-10-01","Everyday / creator workflow"
"5","Files & Storage","Security & Privacy","Ente Auth","Present","extra_enteauth","Security & Privacy","Existing coverage","Existing catalog metadata","https://ente.io/auth/","ente-io.auth-desktop","Catalog presence only; installation and continued publisher support were not re-tested.","2026-10-01","Everyday / creator workflow"
"6","Files & Storage","Security & Privacy","KeePass","Present","daily_keepass","Security & Privacy","Existing coverage","Existing catalog metadata","https://keepass.info/","DominikReichl.KeePass","Catalog presence only; installation and continued publisher support were not re-tested.","2026-10-01","Everyday / creator workflow"
"7","Files & Storage","Security & Privacy","KeePassXC","Present","extra_keepassxc","Security & Privacy","Existing coverage","Current Patch My PC support list","https://patchmypc.com/product/home-updater/","KeePassXCTeam.KeePassXC","Catalog presence only; installation and continued publisher support were not re-tested.","2026-10-01","Everyday / creator workflow"
"8","Files & Storage","Security & Privacy","Malwarebytes","Present","daily_malwarebytes","Security & Privacy","Existing coverage","Current Patch My PC support list","https://patchmypc.com/product/home-updater/","Malwarebytes.Malwarebytes","Catalog presence only; installation and continued publisher support were not re-tested.","2026-10-01","Everyday / creator workflow"
"9","Files & Storage","Security & Privacy","Mullvad VPN","Present","winutil_mullvadvpn","Security & Privacy","Existing coverage","Existing catalog metadata","https://mullvad.net/","MullvadVPN.MullvadVPN","Catalog presence only; installation and continued publisher support were not re-tested.","2026-10-01","Everyday / creator workflow"
"10","Files & Storage","Security & Privacy","OpenVPN Connect","Present","winutil_openvpn","Network Tools","Existing coverage","Existing catalog metadata","https://openvpn.net/","OpenVPNTechnologies.OpenVPNConnect","Catalog presence only; installation and continued publisher support were not re-tested.","2026-10-01","Everyday / creator workflow"
"11","Files & Storage","Security & Privacy","Proton Authenticator","Present","winutil_protonauth","Security & Privacy","Existing coverage","Existing catalog metadata","https://proton.me/authenticator","Proton.ProtonAuthenticator","Catalog presence only; installation and continued publisher support were not re-tested.","2026-10-01","Everyday / creator workflow"
"12","Files & Storage","Security & Privacy","Proton Pass","Present","winutil_protonpass","Security & Privacy","Existing coverage","Existing catalog metadata","https://proton.me/pass","Proton.ProtonPass","Catalog presence only; installation and continued publisher support were not re-tested.","2026-10-01","Everyday / creator workflow"
"13","Files & Storage","Security & Privacy","Proton VPN","Present","app21","Security & Privacy","Existing coverage","Current Patch My PC support list","https://patchmypc.com/product/home-updater/","Proton.ProtonVPN","Catalog presence only; installation and continued publisher support were not re-tested.","2026-10-01","Everyday / creator workflow"
"14","Files & Storage","Security & Privacy","Simplewall","Present","winutil_simplewall","Security & Privacy","Existing coverage","Current Patch My PC support list","https://patchmypc.com/product/home-updater/","Henry++.simplewall","Catalog presence only; installation and continued publisher support were not re-tested.","2026-10-01","Everyday / creator workflow"
"15","Files & Storage","Security & Privacy","VeraCrypt","Present","daily_veracrypt","Security & Privacy","Existing coverage","Current Patch My PC support list","https://patchmypc.com/product/home-updater/","IDRIX.VeraCrypt","Catalog presence only; installation and continued publisher support were not re-tested.","2026-10-01","Everyday / creator workflow"
"16","Files & Storage","Security & Privacy","WireGuard","Present","extra_wireguard","Network Tools","Existing coverage","Existing catalog metadata","https://www.wireguard.com/","WireGuard.WireGuard","Catalog presence only; installation and continued publisher support were not re-tested.","2026-10-01","Everyday / creator workflow"
"17","Files & Storage","Security & Privacy","AdwCleaner","Missing","","","Complementary candidate","Current Patch My PC support list","https://patchmypc.com/product/home-updater/","Not validated","Support-list presence confirms a Windows distribution signal, not popularity, maintenance or an install test.","2026-10-01","Everyday / creator workflow"
"18","Files & Storage","Security & Privacy","AusweisApp","Missing","","","Complementary candidate","Current Patch My PC support list","https://patchmypc.com/product/home-updater/","Not validated","Support-list presence confirms a Windows distribution signal, not popularity, maintenance or an install test.","2026-10-01","Everyday / creator workflow"
"19","Files & Storage","Security & Privacy","Avast Free Antivirus","Missing","","","Complementary candidate","Current Patch My PC support list","https://patchmypc.com/product/home-updater/","Not validated","Support-list presence confirms a Windows distribution signal, not popularity, maintenance or an install test.","2026-10-01","Everyday / creator workflow"
"20","Files & Storage","Security & Privacy","AVG AntiVirus FREE","Missing","","","Complementary candidate","Current Patch My PC support list","https://patchmypc.com/product/home-updater/","Not validated","Support-list presence confirms a Windows distribution signal, not popularity, maintenance or an install test.","2026-10-01","Everyday / creator workflow"
"21","Files & Storage","Security & Privacy","Emsisoft Emergency Kit","Missing","","","Complementary candidate","Current Patch My PC support list","https://patchmypc.com/product/home-updater/","Not validated","Support-list presence confirms a Windows distribution signal, not popularity, maintenance or an install test.","2026-10-01","Everyday / creator workflow"
"22","Files & Storage","Security & Privacy","Enpass","Missing","","","Complementary candidate","Current Patch My PC support list","https://patchmypc.com/product/home-updater/","Not validated","Support-list presence confirms a Windows distribution signal, not popularity, maintenance or an install test.","2026-10-01","Everyday / creator workflow"
"23","Files & Storage","Security & Privacy","Eraser","Missing","","","Complementary candidate","Current Patch My PC support list","https://patchmypc.com/product/home-updater/","Not validated","Support-list presence confirms a Windows distribution signal, not popularity, maintenance or an install test.","2026-10-01","Everyday / creator workflow"
"24","Files & Storage","Security & Privacy","ESET AV Remover","Missing","","","Complementary candidate","Current Patch My PC support list","https://patchmypc.com/product/home-updater/","Not validated","Support-list presence confirms a Windows distribution signal, not popularity, maintenance or an install test.","2026-10-01","Everyday / creator workflow"
"25","Files & Storage","Security & Privacy","Fort Firewall","Missing","","","Complementary candidate","Current Patch My PC support list","https://patchmypc.com/product/home-updater/","Not validated","Support-list presence confirms a Windows distribution signal, not popularity, maintenance or an install test.","2026-10-01","Everyday / creator workflow"
"26","Files & Storage","Security & Privacy","Gpg4win","Missing","","","Complementary candidate","Current Patch My PC support list","https://patchmypc.com/product/home-updater/","Not validated","Support-list presence confirms a Windows distribution signal, not popularity, maintenance or an install test.","2026-10-01","Everyday / creator workflow"
"27","Files & Storage","Security & Privacy","Hotspot Shield","Missing","","","Complementary candidate","Current Patch My PC support list","https://patchmypc.com/product/home-updater/","Not validated","Support-list presence confirms a Windows distribution signal, not popularity, maintenance or an install test.","2026-10-01","Everyday / creator workflow"
"28","Files & Storage","Security & Privacy","LastPass","Missing","","","Complementary candidate","Current Patch My PC support list","https://patchmypc.com/product/home-updater/","Not validated","Support-list presence confirms a Windows distribution signal, not popularity, maintenance or an install test.","2026-10-01","Everyday / creator workflow"
"29","Files & Storage","Security & Privacy","O&O ShutUp10++","Missing","","","Complementary candidate","Current Patch My PC support list","https://patchmypc.com/product/home-updater/","Not validated","Support-list presence confirms a Windows distribution signal, not popularity, maintenance or an install test.","2026-10-01","Everyday / creator workflow"
"30","Files & Storage","Security & Privacy","RKill","Missing","","","Complementary candidate","Current Patch My PC support list","https://patchmypc.com/product/home-updater/","Not validated","Support-list presence confirms a Windows distribution signal, not popularity, maintenance or an install test.","2026-10-01","Everyday / creator workflow"
"31","Files & Storage","Security & Privacy","RoboForm","Missing","","","Complementary candidate","Current Patch My PC support list","https://patchmypc.com/product/home-updater/","Not validated","Support-list presence confirms a Windows distribution signal, not popularity, maintenance or an install test.","2026-10-01","Everyday / creator workflow"
"32","Files & Storage","Security & Privacy","Sandboxie-Plus","Missing","","","Complementary candidate","Current Patch My PC support list","https://patchmypc.com/product/home-updater/","Not validated","Support-list presence confirms a Windows distribution signal, not popularity, maintenance or an install test.","2026-10-01","Everyday / creator workflow"
"33","Files & Storage","Security & Privacy","Simple DNSCrypt","Missing","","","Complementary candidate","Current Patch My PC support list","https://patchmypc.com/product/home-updater/","Not validated","Support-list presence confirms a Windows distribution signal, not popularity, maintenance or an install test.","2026-10-01","Everyday / creator workflow"
"34","Files & Storage","Security & Privacy","SUPERAntiSpyware","Missing","","","Complementary candidate","Current Patch My PC support list","https://patchmypc.com/product/home-updater/","Not validated","Support-list presence confirms a Windows distribution signal, not popularity, maintenance or an install test.","2026-10-01","Everyday / creator workflow"
"35","Files & Storage","Security & Privacy","Windows Defender Firewall","Windows/vendor-provided","","","Complementary candidate","Platform component; verify availability","","Not validated","Do not treat as a required new installation; confirm the machine/driver supplies it.","2026-10-01","Everyday / creator workflow"
"36","Files & Storage","Security & Privacy","Windscribe","Missing","","","Complementary candidate","Current Patch My PC support list","https://patchmypc.com/product/home-updater/","Not validated","Support-list presence confirms a Windows distribution signal, not popularity, maintenance or an install test.","2026-10-01","Everyday / creator workflow"
"37","Files & Storage","Security & Privacy","AuthPass","Missing","","","Complementary candidate","Candidate; publisher/Windows verification pending","","Not validated","A research lead, not a verified Windows addition.","2026-10-01","Everyday / creator workflow"
"38","Files & Storage","Security & Privacy","Avira Free Security","Missing","","","Complementary candidate","Candidate; publisher/Windows verification pending","","Not validated","A research lead, not a verified Windows addition.","2026-10-01","Everyday / creator workflow"
"39","Files & Storage","Security & Privacy","Bitdefender","Missing","","","Complementary candidate","Candidate; publisher/Windows verification pending","","Not validated","A research lead, not a verified Windows addition.","2026-10-01","Everyday / creator workflow"
"40","Files & Storage","Security & Privacy","ESET NOD32","Missing","","","Complementary candidate","Candidate; publisher/Windows verification pending","","Not validated","A research lead, not a verified Windows addition.","2026-10-01","Everyday / creator workflow"
"41","Files & Storage","Security & Privacy","ExpressVPN","Missing","","","Complementary candidate","Candidate; publisher/Windows verification pending","","Not validated","A research lead, not a verified Windows addition.","2026-10-01","Everyday / creator workflow"
"42","Files & Storage","Security & Privacy","hide.me","Missing","","","Complementary candidate","Candidate; publisher/Windows verification pending","","Not validated","A research lead, not a verified Windows addition.","2026-10-01","Everyday / creator workflow"
"43","Files & Storage","Security & Privacy","IVPN","Missing","","","Complementary candidate","Candidate; publisher/Windows verification pending","","Not validated","A research lead, not a verified Windows addition.","2026-10-01","Everyday / creator workflow"
"44","Files & Storage","Security & Privacy","Kaspersky","Missing","","","Complementary candidate","Candidate; publisher/Windows verification pending","","Not validated","A research lead, not a verified Windows addition.","2026-10-01","Everyday / creator workflow"
"45","Files & Storage","Security & Privacy","Keeper","Missing","","","Complementary candidate","Candidate; publisher/Windows verification pending","","Not validated","A research lead, not a verified Windows addition.","2026-10-01","Everyday / creator workflow"
"46","Files & Storage","Security & Privacy","McAfee","Missing","","","Complementary candidate","Candidate; publisher/Windows verification pending","","Not validated","A research lead, not a verified Windows addition.","2026-10-01","Everyday / creator workflow"
"47","Files & Storage","Security & Privacy","NordPass","Missing","","","Complementary candidate","Candidate; publisher/Windows verification pending","","Not validated","A research lead, not a verified Windows addition.","2026-10-01","Everyday / creator workflow"
"48","Files & Storage","Security & Privacy","NordVPN","Missing","","","Complementary candidate","Candidate; publisher/Windows verification pending","","Not validated","A research lead, not a verified Windows addition.","2026-10-01","Everyday / creator workflow"
"49","Files & Storage","Security & Privacy","Norton 360","Missing","","","Complementary candidate","Candidate; publisher/Windows verification pending","","Not validated","A research lead, not a verified Windows addition.","2026-10-01","Everyday / creator workflow"
"50","Files & Storage","Security & Privacy","Private Internet Access","Missing","","","Complementary candidate","Candidate; publisher/Windows verification pending","","Not validated","A research lead, not a verified Windows addition.","2026-10-01","Everyday / creator workflow"
"1","PC & Tools","Remote Access","mRemoteNG","Missing","","","Priority gap","Current Patch My PC support list","https://patchmypc.com/product/home-updater/","Not validated","Support-list presence confirms a Windows distribution signal, not popularity, maintenance or an install test.","2026-10-01","Everyday / creator workflow"
"2","PC & Tools","Remote Access","NoMachine","Missing","","","Priority gap","Candidate; publisher/Windows verification pending","","Not validated","A research lead, not a verified Windows addition.","2026-10-01","Everyday / creator workflow"
"3","PC & Tools","Remote Access","AnyDesk","Present","winutil_anydesk","Remote Access","Existing coverage","Current Patch My PC support list","https://patchmypc.com/product/home-updater/","AnyDesk.AnyDesk","Catalog presence only; installation and continued publisher support were not re-tested.","2026-10-01","Everyday / creator workflow"
"4","PC & Tools","Remote Access","Deskflow","Present","winutil_deskflow","Remote Access","Existing coverage","Existing catalog metadata","https://github.com/deskflow/deskflow","Deskflow.Deskflow","Catalog presence only; installation and continued publisher support were not re-tested.","2026-10-01","Everyday / creator workflow"
"5","PC & Tools","Remote Access","Moonlight","Present","extra_moonlight","Gaming","Existing coverage","Existing catalog metadata","https://moonlight-stream.org/","MoonlightGameStreamingProject.Moonlight","Catalog presence only; installation and continued publisher support were not re-tested.","2026-10-01","Everyday / creator workflow"
"6","PC & Tools","Remote Access","Parsec","Present","app22","Remote Access","Existing coverage","Existing catalog metadata","","Parsec.Parsec","Catalog presence only; installation and continued publisher support were not re-tested.","2026-10-01","Everyday / creator workflow"
"7","PC & Tools","Remote Access","RDCMan","Present","winutil_rdcman","Remote Access","Existing coverage","Existing catalog metadata","https://learn.microsoft.com/en-us/sysinternals/downloads/rdcman","Microsoft.Sysinternals.RDCMan","Catalog presence only; installation and continued publisher support were not re-tested.","2026-10-01","Everyday / creator workflow"
"8","PC & Tools","Remote Access","RustDesk","Present","rustdesk","Remote Access","Existing coverage","Current Patch My PC support list","https://patchmypc.com/product/home-updater/","https://rustdesk.com/","Catalog presence only; installation and continued publisher support were not re-tested.","2026-10-01","Everyday / creator workflow"
"9","PC & Tools","Remote Access","Sunshine","Present","extra_sunshine","Gaming","Existing coverage","Existing catalog metadata","https://app.lizardbyte.dev/Sunshine/","LizardByte.Sunshine","Catalog presence only; installation and continued publisher support were not re-tested.","2026-10-01","Everyday / creator workflow"
"10","PC & Tools","Remote Access","TeamViewer","Present","winutil_teamviewer","Remote Access","Existing coverage","Current Patch My PC support list","https://patchmypc.com/product/home-updater/","TeamViewer.TeamViewer","Catalog presence only; installation and continued publisher support were not re-tested.","2026-10-01","Everyday / creator workflow"
"11","PC & Tools","Remote Access","TightVNC","Present","winutil_tightvnc","Remote Access","Existing coverage","Current Patch My PC support list","https://patchmypc.com/product/home-updater/","GlavSoft.TightVNC","Catalog presence only; installation and continued publisher support were not re-tested.","2026-10-01","Everyday / creator workflow"
"12","PC & Tools","Remote Access","AeroAdmin","Missing","","","Complementary candidate","Current Patch My PC support list","https://patchmypc.com/product/home-updater/","Not validated","Support-list presence confirms a Windows distribution signal, not popularity, maintenance or an install test.","2026-10-01","Everyday / creator workflow"
"13","PC & Tools","Remote Access","AnyViewer","Missing","","","Complementary candidate","Current Patch My PC support list","https://patchmypc.com/product/home-updater/","Not validated","Support-list presence confirms a Windows distribution signal, not popularity, maintenance or an install test.","2026-10-01","Everyday / creator workflow"
"14","PC & Tools","Remote Access","Omnissa Horizon Client","Missing","","","Complementary candidate","Current Patch My PC support list","https://patchmypc.com/product/home-updater/","Not validated","Support-list presence confirms a Windows distribution signal, not popularity, maintenance or an install test.","2026-10-01","Everyday / creator workflow"
"15","PC & Tools","Remote Access","Quick Assist","Windows/vendor-provided","","","Complementary candidate","Platform component; verify availability","","Not validated","Do not treat as a required new installation; confirm the machine/driver supplies it.","2026-10-01","Everyday / creator workflow"
"16","PC & Tools","Remote Access","RealVNC Server","Missing","","","Complementary candidate","Current Patch My PC support list","https://patchmypc.com/product/home-updater/","Not validated","Support-list presence confirms a Windows distribution signal, not popularity, maintenance or an install test.","2026-10-01","Everyday / creator workflow"
"17","PC & Tools","Remote Access","Remote Desktop Manager","Missing","","","Complementary candidate","Current Patch My PC support list","https://patchmypc.com/product/home-updater/","Not validated","Support-list presence confirms a Windows distribution signal, not popularity, maintenance or an install test.","2026-10-01","Everyday / creator workflow"
"18","PC & Tools","Remote Access","UltraVNC","Missing","","","Complementary candidate","Current Patch My PC support list","https://patchmypc.com/product/home-updater/","Not validated","Support-list presence confirms a Windows distribution signal, not popularity, maintenance or an install test.","2026-10-01","Everyday / creator workflow"
"19","PC & Tools","Remote Access","BeyondTrust Remote Support","Missing","","","Complementary candidate","Candidate; publisher/Windows verification pending","","Not validated","A research lead, not a verified Windows addition.","2026-10-01","Everyday / creator workflow"
"20","PC & Tools","Remote Access","Citrix Workspace","Missing","","","Complementary candidate","Candidate; publisher/Windows verification pending","","Not validated","A research lead, not a verified Windows addition.","2026-10-01","Everyday / creator workflow"
"21","PC & Tools","Remote Access","ConnectWise ScreenConnect","Missing","","","Complementary candidate","Candidate; publisher/Windows verification pending","","Not validated","A research lead, not a verified Windows addition.","2026-10-01","Everyday / creator workflow"
"22","PC & Tools","Remote Access","Dameware Remote Support","Missing","","","Complementary candidate","Candidate; publisher/Windows verification pending","","Not validated","A research lead, not a verified Windows addition.","2026-10-01","Everyday / creator workflow"
"23","PC & Tools","Remote Access","DWAgent","Missing","","","Complementary candidate","Candidate; publisher/Windows verification pending","","Not validated","A research lead, not a verified Windows addition.","2026-10-01","Everyday / creator workflow"
"24","PC & Tools","Remote Access","Getscreen.me","Missing","","","Complementary candidate","Candidate; publisher/Windows verification pending","","Not validated","A research lead, not a verified Windows addition.","2026-10-01","Everyday / creator workflow"
"25","PC & Tools","Remote Access","HP Anyware","Missing","","","Complementary candidate","Candidate; publisher/Windows verification pending","","Not validated","A research lead, not a verified Windows addition.","2026-10-01","Everyday / creator workflow"
"26","PC & Tools","Remote Access","Iperius Remote","Missing","","","Complementary candidate","Candidate; publisher/Windows verification pending","","Not validated","A research lead, not a verified Windows addition.","2026-10-01","Everyday / creator workflow"
"27","PC & Tools","Remote Access","ISL Online","Missing","","","Complementary candidate","Candidate; publisher/Windows verification pending","","Not validated","A research lead, not a verified Windows addition.","2026-10-01","Everyday / creator workflow"
"28","PC & Tools","Remote Access","MeshCentral","Missing","","","Complementary candidate","Candidate; publisher/Windows verification pending","","Not validated","A research lead, not a verified Windows addition.","2026-10-01","Everyday / creator workflow"
"29","PC & Tools","Remote Access","RealVNC Viewer","Missing","","","Complementary candidate","Candidate; publisher/Windows verification pending","","Not validated","A research lead, not a verified Windows addition.","2026-10-01","Everyday / creator workflow"
"30","PC & Tools","Remote Access","Remote Utilities","Missing","","","Complementary candidate","Candidate; publisher/Windows verification pending","","Not validated","A research lead, not a verified Windows addition.","2026-10-01","Everyday / creator workflow"
"31","PC & Tools","Remote Access","RemotePC","Missing","","","Complementary candidate","Candidate; publisher/Windows verification pending","","Not validated","A research lead, not a verified Windows addition.","2026-10-01","Everyday / creator workflow"
"32","PC & Tools","Remote Access","Royal TS","Missing","","","Complementary candidate","Candidate; publisher/Windows verification pending","","Not validated","A research lead, not a verified Windows addition.","2026-10-01","Everyday / creator workflow"
"33","PC & Tools","Remote Access","Splashtop","Missing","","","Complementary candidate","Candidate; publisher/Windows verification pending","","Not validated","A research lead, not a verified Windows addition.","2026-10-01","Everyday / creator workflow"
"34","PC & Tools","Remote Access","Zoho Assist","Missing","","","Complementary candidate","Candidate; publisher/Windows verification pending","","Not validated","A research lead, not a verified Windows addition.","2026-10-01","Everyday / creator workflow"
"1","PC & Tools","Network Tools","Fing","Missing","","","Priority gap","Current Patch My PC support list","https://patchmypc.com/product/home-updater/","Not validated","Support-list presence confirms a Windows distribution signal, not popularity, maintenance or an install test.","2026-10-01","Specialist / occasional workflow"
"2","PC & Tools","Network Tools","Speedtest by Ookla","Missing","","","Priority gap","Current Patch My PC support list","https://patchmypc.com/product/home-updater/","Not validated","Support-list presence confirms a Windows distribution signal, not popularity, maintenance or an install test.","2026-10-01","Specialist / occasional workflow"
"3","PC & Tools","Network Tools","ZeroTier One","Missing","","","Priority gap","Current Patch My PC support list","https://patchmypc.com/product/home-updater/","Not validated","Support-list presence confirms a Windows distribution signal, not popularity, maintenance or an install test.","2026-10-01","Specialist / occasional workflow"
"4","PC & Tools","Network Tools","Advanced IP Scanner","Present","winutil_advancedip","Network Tools","Existing coverage","Current Patch My PC support list","https://patchmypc.com/product/home-updater/","Famatech.AdvancedIPScanner","Catalog presence only; installation and continued publisher support were not re-tested.","2026-10-01","Specialist / occasional workflow"
"5","PC & Tools","Network Tools","Angry IP Scanner","Present","winutil_angryipscanner","Network Tools","Existing coverage","Current Patch My PC support list","https://patchmypc.com/product/home-updater/","angryziber.AngryIPScanner","Catalog presence only; installation and continued publisher support were not re-tested.","2026-10-01","Specialist / occasional workflow"
"6","PC & Tools","Network Tools","MobaXterm","Present","daily_mobaxterm","Network Tools","Existing coverage","Current Patch My PC support list","https://patchmypc.com/product/home-updater/","Mobatek.MobaXterm","Catalog presence only; installation and continued publisher support were not re-tested.","2026-10-01","Specialist / occasional workflow"
"7","PC & Tools","Network Tools","NetBird","Present","winutil_netbird","Network Tools","Existing coverage","Existing catalog metadata","https://netbird.io/","Netbird.Netbird","Catalog presence only; installation and continued publisher support were not re-tested.","2026-10-01","Specialist / occasional workflow"
"8","PC & Tools","Network Tools","Nmap","Present","winutil_nmap","Network Tools","Existing coverage","Existing catalog metadata","https://nmap.org/","Insecure.Nmap","Catalog presence only; installation and continued publisher support were not re-tested.","2026-10-01","Specialist / occasional workflow"
"9","PC & Tools","Network Tools","OpenVPN Connect","Present","winutil_openvpn","Network Tools","Existing coverage","Existing catalog metadata","https://openvpn.net/","OpenVPNTechnologies.OpenVPNConnect","Catalog presence only; installation and continued publisher support were not re-tested.","2026-10-01","Specialist / occasional workflow"
"10","PC & Tools","Network Tools","PuTTY","Present","extra_putty","Network Tools","Existing coverage","Current Patch My PC support list","https://patchmypc.com/product/home-updater/","PuTTY.PuTTY","Catalog presence only; installation and continued publisher support were not re-tested.","2026-10-01","Specialist / occasional workflow"
"11","PC & Tools","Network Tools","Tailscale","Present","winutil_tailscale","Network Tools","Existing coverage","Existing catalog metadata","https://tailscale.com/","Tailscale.Tailscale","Catalog presence only; installation and continued publisher support were not re-tested.","2026-10-01","Specialist / occasional workflow"
"12","PC & Tools","Network Tools","TCPView","Present","winutil_tcpview","Network Tools","Existing coverage","Existing catalog metadata","https://docs.microsoft.com/en-us/sysinternals/downloads/tcpview","Microsoft.Sysinternals.TCPView","Catalog presence only; installation and continued publisher support were not re-tested.","2026-10-01","Specialist / occasional workflow"
"13","PC & Tools","Network Tools","WireGuard","Present","extra_wireguard","Network Tools","Existing coverage","Existing catalog metadata","https://www.wireguard.com/","WireGuard.WireGuard","Catalog presence only; installation and continued publisher support were not re-tested.","2026-10-01","Specialist / occasional workflow"
"14","PC & Tools","Network Tools","Wireshark","Present","extra_wireshark","Network Tools","Existing coverage","Current Patch My PC support list","https://patchmypc.com/product/home-updater/","WiresharkFoundation.Wireshark","Catalog presence only; installation and continued publisher support were not re-tested.","2026-10-01","Specialist / occasional workflow"
"15","PC & Tools","Network Tools","FileZilla Server","Missing","","","Complementary candidate","Current Patch My PC support list","https://patchmypc.com/product/home-updater/","Not validated","Support-list presence confirms a Windows distribution signal, not popularity, maintenance or an install test.","2026-10-01","Specialist / occasional workflow"
"16","PC & Tools","Network Tools","GlassWire","Missing","","","Complementary candidate","Current Patch My PC support list","https://patchmypc.com/product/home-updater/","Not validated","Support-list presence confirms a Windows distribution signal, not popularity, maintenance or an install test.","2026-10-01","Specialist / occasional workflow"
"17","PC & Tools","Network Tools","OpenSSH","Windows/vendor-provided","","","Complementary candidate","Platform component; verify availability","","Not validated","Do not treat as a required new installation; confirm the machine/driver supplies it.","2026-10-01","Specialist / occasional workflow"
"18","PC & Tools","Network Tools","Bitvise SSH Client","Missing","","","Complementary candidate","Candidate; publisher/Windows verification pending","","Not validated","A research lead, not a verified Windows addition.","2026-10-01","Specialist / occasional workflow"
"19","PC & Tools","Network Tools","Bitvise SSH Server","Missing","","","Complementary candidate","Candidate; publisher/Windows verification pending","","Not validated","A research lead, not a verified Windows addition.","2026-10-01","Specialist / occasional workflow"
"20","PC & Tools","Network Tools","Charles","Missing","","","Complementary candidate","Candidate; publisher/Windows verification pending","","Not validated","A research lead, not a verified Windows addition.","2026-10-01","Specialist / occasional workflow"
"21","PC & Tools","Network Tools","Fiddler Classic","Missing","","","Complementary candidate","Candidate; publisher/Windows verification pending","","Not validated","A research lead, not a verified Windows addition.","2026-10-01","Specialist / occasional workflow"
"22","PC & Tools","Network Tools","Fiddler Everywhere","Missing","","","Complementary candidate","Candidate; publisher/Windows verification pending","","Not validated","A research lead, not a verified Windows addition.","2026-10-01","Specialist / occasional workflow"
"23","PC & Tools","Network Tools","HTTP Toolkit","Missing","","","Complementary candidate","Candidate; publisher/Windows verification pending","","Not validated","A research lead, not a verified Windows addition.","2026-10-01","Specialist / occasional workflow"
"24","PC & Tools","Network Tools","inSSIDer","Missing","","","Complementary candidate","Candidate; publisher/Windows verification pending","","Not validated","A research lead, not a verified Windows addition.","2026-10-01","Specialist / occasional workflow"
"25","PC & Tools","Network Tools","iperf3","Missing","","","Complementary candidate","Candidate; publisher/Windows verification pending","","Not validated","A research lead, not a verified Windows addition.","2026-10-01","Specialist / occasional workflow"
"26","PC & Tools","Network Tools","mitmproxy","Missing","","","Complementary candidate","Candidate; publisher/Windows verification pending","","Not validated","A research lead, not a verified Windows addition.","2026-10-01","Specialist / occasional workflow"
"27","PC & Tools","Network Tools","NetSpot","Missing","","","Complementary candidate","Candidate; publisher/Windows verification pending","","Not validated","A research lead, not a verified Windows addition.","2026-10-01","Specialist / occasional workflow"
"28","PC & Tools","Network Tools","NetworkMiner","Missing","","","Complementary candidate","Candidate; publisher/Windows verification pending","","Not validated","A research lead, not a verified Windows addition.","2026-10-01","Specialist / occasional workflow"
"29","PC & Tools","Network Tools","NirSoft CurrPorts","Missing","","","Complementary candidate","Candidate; publisher/Windows verification pending","","Not validated","A research lead, not a verified Windows addition.","2026-10-01","Specialist / occasional workflow"
"30","PC & Tools","Network Tools","OpenConnect-GUI","Missing","","","Complementary candidate","Candidate; publisher/Windows verification pending","","Not validated","A research lead, not a verified Windows addition.","2026-10-01","Specialist / occasional workflow"
"31","PC & Tools","Network Tools","PingPlotter","Missing","","","Complementary candidate","Candidate; publisher/Windows verification pending","","Not validated","A research lead, not a verified Windows addition.","2026-10-01","Specialist / occasional workflow"
"32","PC & Tools","Network Tools","Portmaster","Missing","","","Complementary candidate","Candidate; publisher/Windows verification pending","","Not validated","A research lead, not a verified Windows addition.","2026-10-01","Specialist / occasional workflow"
"33","PC & Tools","Network Tools","SecureCRT","Missing","","","Complementary candidate","Candidate; publisher/Windows verification pending","","Not validated","A research lead, not a verified Windows addition.","2026-10-01","Specialist / occasional workflow"
"34","PC & Tools","Network Tools","SFTPGo","Missing","","","Complementary candidate","Candidate; publisher/Windows verification pending","","Not validated","A research lead, not a verified Windows addition.","2026-10-01","Specialist / occasional workflow"
"35","PC & Tools","Network Tools","Solar-PuTTY","Missing","","","Complementary candidate","Candidate; publisher/Windows verification pending","","Not validated","A research lead, not a verified Windows addition.","2026-10-01","Specialist / occasional workflow"
"36","PC & Tools","Network Tools","SuperPuTTY","Missing","","","Complementary candidate","Candidate; publisher/Windows verification pending","","Not validated","A research lead, not a verified Windows addition.","2026-10-01","Specialist / occasional workflow"
"37","PC & Tools","Network Tools","Termius","Missing","","","Complementary candidate","Candidate; publisher/Windows verification pending","","Not validated","A research lead, not a verified Windows addition.","2026-10-01","Specialist / occasional workflow"
"38","PC & Tools","Network Tools","Tshark","Missing","","","Complementary candidate","Candidate; publisher/Windows verification pending","","Not validated","A research lead, not a verified Windows addition.","2026-10-01","Specialist / occasional workflow"
"39","PC & Tools","Network Tools","WiFi Analyzer","Missing","","","Complementary candidate","Candidate; publisher/Windows verification pending","","Not validated","A research lead, not a verified Windows addition.","2026-10-01","Specialist / occasional workflow"
"40","PC & Tools","Network Tools","WiFiInfoView","Missing","","","Complementary candidate","Candidate; publisher/Windows verification pending","","Not validated","A research lead, not a verified Windows addition.","2026-10-01","Specialist / occasional workflow"
"41","PC & Tools","Network Tools","WiFiman Desktop","Missing","","","Complementary candidate","Candidate; publisher/Windows verification pending","","Not validated","A research lead, not a verified Windows addition.","2026-10-01","Specialist / occasional workflow"
"42","PC & Tools","Network Tools","WinMTR","Missing","","","Complementary candidate","Candidate; publisher/Windows verification pending","","Not validated","A research lead, not a verified Windows addition.","2026-10-01","Specialist / occasional workflow"
"43","PC & Tools","Network Tools","WinSsh","Missing","","","Complementary candidate","Candidate; publisher/Windows verification pending","","Not validated","A research lead, not a verified Windows addition.","2026-10-01","Specialist / occasional workflow"
"44","PC & Tools","Network Tools","WirelessNetView","Missing","","","Complementary candidate","Candidate; publisher/Windows verification pending","","Not validated","A research lead, not a verified Windows addition.","2026-10-01","Specialist / occasional workflow"
"45","PC & Tools","Network Tools","Wireshark USBPcap","Missing","","","Complementary candidate","Candidate; publisher/Windows verification pending","","Not validated","A research lead, not a verified Windows addition.","2026-10-01","Specialist / occasional workflow"
"46","PC & Tools","Network Tools","Xshell","Missing","","","Complementary candidate","Candidate; publisher/Windows verification pending","","Not validated","A research lead, not a verified Windows addition.","2026-10-01","Specialist / occasional workflow"
"47","PC & Tools","Network Tools","ZOC Terminal","Missing","","","Complementary candidate","Candidate; publisher/Windows verification pending","","Not validated","A research lead, not a verified Windows addition.","2026-10-01","Specialist / occasional workflow"
"1","PC & Tools","Development","DataGrip","Missing","","","Priority gap","Publisher page reviewed","https://www.jetbrains.com/datagrip/download/","Not validated","Official Windows download; specialist database IDE and license review.","2026-10-01","Professional reference"
"2","PC & Tools","Development","Insomnia","Missing","","","Priority gap","Publisher page reviewed","https://insomnia.rest/download","Not validated","Official Windows/NSIS download route; API-development workflow.","2026-10-01","Specialist / occasional workflow"
"3","PC & Tools","Development","JetBrains Rider","Missing","","","Priority gap","Publisher page reviewed","https://www.jetbrains.com/rider/download/","Not validated","Official Windows download; check current commercial/non-commercial licensing.","2026-10-01","Professional reference"
"4","PC & Tools","Development","RStudio","Missing","","","Priority gap","Publisher page reviewed","https://docs.posit.co/ide/user/","Not validated","Current desktop documentation and downloads require Windows 11; choose supported build and R/Python dependencies.","2026-10-01","Professional reference"
"5","PC & Tools","Development","Amazon Corretto 21 (LTS)","Present","winutil_java21","Development","Existing coverage","Existing catalog metadata","https://aws.amazon.com/corretto","Amazon.Corretto.21.JDK","Catalog presence only; installation and continued publisher support were not re-tested.","2026-10-01","Specialist / occasional workflow"
"6","PC & Tools","Development","Amazon Corretto 25 (LTS)","Present","winutil_java25","Development","Existing coverage","Existing catalog metadata","https://aws.amazon.com/corretto","Amazon.Corretto.25.JDK","Catalog presence only; installation and continued publisher support were not re-tested.","2026-10-01","Specialist / occasional workflow"
"7","PC & Tools","Development","Android Studio","Present","daily_android_studio","Development","Existing coverage","Current Patch My PC support list","https://patchmypc.com/product/home-updater/","Google.AndroidStudio","Catalog presence only; installation and continued publisher support were not re-tested.","2026-10-01","Specialist / occasional workflow"
"8","PC & Tools","Development","Arduino IDE","Present","daily_arduino_ide","Development","Existing coverage","Existing catalog metadata","https://www.arduino.cc/en/software","https://www.arduino.cc/en/software","Catalog presence only; installation and continued publisher support were not re-tested.","2026-10-01","Specialist / occasional workflow"
"9","PC & Tools","Development","Bruno","Present","winutil_bruno","Development","Existing coverage","Existing catalog metadata","https://www.usebruno.com/","Bruno.Bruno","Catalog presence only; installation and continued publisher support were not re-tested.","2026-10-01","Specialist / occasional workflow"
"10","PC & Tools","Development","Claude Code","Present","winutil_claude-code","Development","Existing coverage","Existing catalog metadata","https://code.claude.com/","Anthropic.ClaudeCode","Catalog presence only; installation and continued publisher support were not re-tested.","2026-10-01","Specialist / occasional workflow"
"11","PC & Tools","Development","CMake","Present","extra_cmake","Development","Existing coverage","Current Patch My PC support list","https://patchmypc.com/product/home-updater/","Kitware.CMake","Catalog presence only; installation and continued publisher support were not re-tested.","2026-10-01","Specialist / occasional workflow"
"12","PC & Tools","Development","Codex","Present","winutil_codex","Development","Existing coverage","Existing catalog metadata","https://developers.openai.com/codex/cli","OpenAI.Codex","Catalog presence only; installation and continued publisher support were not re-tested.","2026-10-01","Specialist / occasional workflow"
"13","PC & Tools","Development","Cursor","Present","winutil_cursor","Development","Existing coverage","Existing catalog metadata","https://cursor.com/","Anysphere.Cursor","Catalog presence only; installation and continued publisher support were not re-tested.","2026-10-01","Specialist / occasional workflow"
"14","PC & Tools","Development","DBeaver","Present","daily_dbeaver","Development","Existing coverage","Current Patch My PC support list","https://patchmypc.com/product/home-updater/","DBeaver.DBeaver.Community","Catalog presence only; installation and continued publisher support were not re-tested.","2026-10-01","Specialist / occasional workflow"
"15","PC & Tools","Development","Docker Desktop","Present","winutil_dockerdesktop","Development","Existing coverage","Current Patch My PC support list","https://patchmypc.com/product/home-updater/","Docker.DockerDesktop","Catalog presence only; installation and continued publisher support were not re-tested.","2026-10-01","Specialist / occasional workflow"
"16","PC & Tools","Development","Eclipse","Present","daily_eclipse","Development","Existing coverage","Existing catalog metadata","https://www.eclipse.org/downloads/","https://www.eclipse.org/downloads/","Catalog presence only; installation and continued publisher support were not re-tested.","2026-10-01","Specialist / occasional workflow"
"17","PC & Tools","Development","Fast Node Manager","Present","winutil_fnm","Development","Existing coverage","Existing catalog metadata","https://github.com/Schniz/fnm","Schniz.fnm","Catalog presence only; installation and continued publisher support were not re-tested.","2026-10-01","Specialist / occasional workflow"
"18","PC & Tools","Development","Git","Present","extra_git","Development","Existing coverage","Current Patch My PC support list","https://patchmypc.com/product/home-updater/","Git.Git","Catalog presence only; installation and continued publisher support were not re-tested.","2026-10-01","Specialist / occasional workflow"
"19","PC & Tools","Development","Git Extensions","Present","winutil_gitextensions","Development","Existing coverage","Existing catalog metadata","https://gitextensions.github.io/","GitExtensionsTeam.GitExtensions","Catalog presence only; installation and continued publisher support were not re-tested.","2026-10-01","Specialist / occasional workflow"
"20","PC & Tools","Development","GitHub CLI","Present","extra_githubcli","Development","Existing coverage","Existing catalog metadata","https://cli.github.com/","GitHub.cli","Catalog presence only; installation and continued publisher support were not re-tested.","2026-10-01","Specialist / occasional workflow"
"21","PC & Tools","Development","GitHub Desktop","Present","extra_githubdesktop","Development","Existing coverage","Current Patch My PC support list","https://patchmypc.com/product/home-updater/","GitHub.GitHubDesktop","Catalog presence only; installation and continued publisher support were not re-tested.","2026-10-01","Specialist / occasional workflow"
"22","PC & Tools","Development","Go","Present","winutil_golang","Development","Existing coverage","Existing catalog metadata","https://go.dev/","GoLang.Go","Catalog presence only; installation and continued publisher support were not re-tested.","2026-10-01","Specialist / occasional workflow"
"23","PC & Tools","Development","Godot","Present","daily_godot","Development","Existing coverage","Existing catalog metadata","https://godotengine.org/download/windows","GodotEngine.GodotEngine","Catalog presence only; installation and continued publisher support were not re-tested.","2026-10-01","Specialist / occasional workflow"
"24","PC & Tools","Development","HeidiSQL","Present","daily_heidisql","Development","Existing coverage","Current Patch My PC support list","https://patchmypc.com/product/home-updater/","https://www.heidisql.com/download.php","Catalog presence only; installation and continued publisher support were not re-tested.","2026-10-01","Specialist / occasional workflow"
"25","PC & Tools","Development","Hugo","Present","winutil_hugo","Development","Existing coverage","Existing catalog metadata","https://gohugo.io","Hugo.Hugo.Extended","Catalog presence only; installation and continued publisher support were not re-tested.","2026-10-01","Specialist / occasional workflow"
"26","PC & Tools","Development","HxD Hex Editor","Present","winutil_xeheditor","Development","Existing coverage","Existing catalog metadata","https://mh-nexus.de/en/hxd/","MHNexus.HxD","Catalog presence only; installation and continued publisher support were not re-tested.","2026-10-01","Specialist / occasional workflow"
"27","PC & Tools","Development","IntelliJ IDEA","Present","daily_intellij_idea","Development","Existing coverage","Existing catalog metadata","https://www.jetbrains.com/idea/","JetBrains.IntelliJIDEA","Catalog presence only; installation and continued publisher support were not re-tested.","2026-10-01","Specialist / occasional workflow"
"28","PC & Tools","Development","Jetbrains Toolbox","Present","winutil_jetbrains","Development","Existing coverage","Existing catalog metadata","https://www.jetbrains.com/toolbox/","JetBrains.Toolbox","Catalog presence only; installation and continued publisher support were not re-tested.","2026-10-01","Specialist / occasional workflow"
"29","PC & Tools","Development","Lazygit","Present","winutil_lazygit","Development","Existing coverage","Existing catalog metadata","https://github.com/jesseduffield/lazygit/","JesseDuffield.lazygit","Catalog presence only; installation and continued publisher support were not re-tested.","2026-10-01","Specialist / occasional workflow"
"30","PC & Tools","Development","Lua","Present","winutil_lua","Development","Existing coverage","Existing catalog metadata","https://github.com/rjpcomputing/luaforwindows","rjpcomputing.luaforwindows","Catalog presence only; installation and continued publisher support were not re-tested.","2026-10-01","Specialist / occasional workflow"
"31","PC & Tools","Development","MySQL Workbench","Present","daily_mysql_workbench","Development","Existing coverage","Existing catalog metadata","https://dev.mysql.com/downloads/workbench/","https://dev.mysql.com/downloads/workbench/","Catalog presence only; installation and continued publisher support were not re-tested.","2026-10-01","Specialist / occasional workflow"
"32","PC & Tools","Development","Neovim","Present","extra_neovim","Development","Existing coverage","Existing catalog metadata","https://neovim.io/","Neovim.Neovim","Catalog presence only; installation and continued publisher support were not re-tested.","2026-10-01","Specialist / occasional workflow"
"33","PC & Tools","Development","Node.js LTS","Present","extra_nodejslts","Development","Existing coverage","Existing catalog metadata","https://nodejs.org/","OpenJS.NodeJS.LTS","Catalog presence only; installation and continued publisher support were not re-tested.","2026-10-01","Specialist / occasional workflow"
"34","PC & Tools","Development","NodeJS","Present","winutil_nodejs","Development","Existing coverage","Existing catalog metadata","https://nodejs.org/","OpenJS.NodeJS","Catalog presence only; installation and continued publisher support were not re-tested.","2026-10-01","Specialist / occasional workflow"
"35","PC & Tools","Development","Notepad++","Present","extra_notepadplus","Development","Existing coverage","Current Patch My PC support list","https://patchmypc.com/product/home-updater/","Notepad++.Notepad++","Catalog presence only; installation and continued publisher support were not re-tested.","2026-10-01","Specialist / occasional workflow"
"36","PC & Tools","Development","NuGet","Present","winutil_nuget","Development","Existing coverage","Existing catalog metadata","https://www.nuget.org/","Microsoft.NuGet","Catalog presence only; installation and continued publisher support were not re-tested.","2026-10-01","Specialist / occasional workflow"
"37","PC & Tools","Development","Oh My Posh (Prompt)","Present","winutil_posh","Development","Existing coverage","Existing catalog metadata","https://ohmyposh.dev/","JanDeDobbeleer.OhMyPosh","Catalog presence only; installation and continued publisher support were not re-tested.","2026-10-01","Specialist / occasional workflow"
"38","PC & Tools","Development","pnpm","Present","winutil_pnpm","Development","Existing coverage","Existing catalog metadata","https://pnpm.io/","pnpm.pnpm","Catalog presence only; installation and continued publisher support were not re-tested.","2026-10-01","Specialist / occasional workflow"
"39","PC & Tools","Development","Postman","Present","winutil_postman","Development","Existing coverage","Current Patch My PC support list","https://patchmypc.com/product/home-updater/","Postman.Postman","Catalog presence only; installation and continued publisher support were not re-tested.","2026-10-01","Specialist / occasional workflow"
"40","PC & Tools","Development","PowerShell","Present","extra_powershell","Development","Existing coverage","Existing catalog metadata","https://github.com/PowerShell/PowerShell","Microsoft.PowerShell","Catalog presence only; installation and continued publisher support were not re-tested.","2026-10-01","Specialist / occasional workflow"
"41","PC & Tools","Development","PyCharm","Present","daily_pycharm","Development","Existing coverage","Existing catalog metadata","https://www.jetbrains.com/pycharm/","JetBrains.PyCharm","Catalog presence only; installation and continued publisher support were not re-tested.","2026-10-01","Specialist / occasional workflow"
"42","PC & Tools","Development","Python 3.14","Present","python","Development","Existing coverage","Existing catalog metadata","","Python.Python.3.14","Catalog presence only; installation and continued publisher support were not re-tested.","2026-10-01","Specialist / occasional workflow"
"43","PC & Tools","Development","Ruby","Present","winutil_ruby","Development","Existing coverage","Existing catalog metadata","https://rubyinstaller.org/","RubyInstallerTeam.Ruby.4.0","Catalog presence only; installation and continued publisher support were not re-tested.","2026-10-01","Specialist / occasional workflow"
"44","PC & Tools","Development","Rust","Present","winutil_rustlang","Development","Existing coverage","Existing catalog metadata","https://www.rust-lang.org/","Rustlang.Rust.MSVC","Catalog presence only; installation and continued publisher support were not re-tested.","2026-10-01","Specialist / occasional workflow"
"45","PC & Tools","Development","SQL Server Management Studio","Present","daily_sql_server_management_studio","Development","Existing coverage","Current Patch My PC support list","https://patchmypc.com/product/home-updater/","https://learn.microsoft.com/en-us/ssms/install/install","Catalog presence only; installation and continued publisher support were not re-tested.","2026-10-01","Specialist / occasional workflow"
"46","PC & Tools","Development","Starship (Shell Prompt)","Present","winutil_starship","Development","Existing coverage","Existing catalog metadata","https://starship.rs/","Starship.Starship","Catalog presence only; installation and continued publisher support were not re-tested.","2026-10-01","Specialist / occasional workflow"
"47","PC & Tools","Development","Sublime Text","Present","winutil_sublimetext","Development","Existing coverage","Existing catalog metadata","https://www.sublimetext.com/","SublimeHQ.SublimeText.4","Catalog presence only; installation and continued publisher support were not re-tested.","2026-10-01","Specialist / occasional workflow"
"48","PC & Tools","Development","Unity Game Engine","Present","winutil_unity","Development","Existing coverage","Existing catalog metadata","https://unity.com/","https://unity.com/","Catalog presence only; installation and continued publisher support were not re-tested.","2026-10-01","Specialist / occasional workflow"
"49","PC & Tools","Development","uv","Present","extra_uv","Development","Existing coverage","Existing catalog metadata","https://docs.astral.sh/uv/getting-started/installation/","astral-sh.uv","Catalog presence only; installation and continued publisher support were not re-tested.","2026-10-01","Specialist / occasional workflow"
"50","PC & Tools","Development","Vagrant","Present","winutil_vagrant","Development","Existing coverage","Existing catalog metadata","https://developer.hashicorp.com/vagrant","Hashicorp.Vagrant","Catalog presence only; installation and continued publisher support were not re-tested.","2026-10-01","Specialist / occasional workflow"
"1","PC & Tools","Windows Utilities","Auto Dark Mode","Missing","","","Priority gap","Current Patch My PC support list","https://patchmypc.com/product/home-updater/","Not validated","Support-list presence confirms a Windows distribution signal, not popularity, maintenance or an install test.","2026-10-01","Everyday / creator workflow"
"2","PC & Tools","Windows Utilities","Geek Uninstaller","Missing","","","Priority gap","Current Patch My PC support list","https://patchmypc.com/product/home-updater/","Not validated","Support-list presence confirms a Windows distribution signal, not popularity, maintenance or an install test.","2026-10-01","Everyday / creator workflow"
"3","PC & Tools","Windows Utilities","NVDA","Missing","","","Priority gap","Current Patch My PC support list","https://patchmypc.com/product/home-updater/","Not validated","Support-list presence confirms a Windows distribution signal, not popularity, maintenance or an install test.","2026-10-01","Everyday / creator workflow"
"4","PC & Tools","Windows Utilities","Flow Launcher","Missing","","","Priority gap","Candidate; publisher/Windows verification pending","","Not validated","A research lead, not a verified Windows addition.","2026-10-01","Everyday / creator workflow"
"5","PC & Tools","Windows Utilities","AutoHotkey","Present","extra_autohotkey","Windows Utilities","Existing coverage","Current Patch My PC support list","https://patchmypc.com/product/home-updater/","AutoHotkey.AutoHotkey","Catalog presence only; installation and continued publisher support were not re-tested.","2026-10-01","Everyday / creator workflow"
"6","PC & Tools","Windows Utilities","Autoruns","Present","winutil_autoruns","Windows Utilities","Existing coverage","Current Patch My PC support list","https://patchmypc.com/product/home-updater/","Microsoft.Sysinternals.Autoruns","Catalog presence only; installation and continued publisher support were not re-tested.","2026-10-01","Everyday / creator workflow"
"7","PC & Tools","Windows Utilities","BCUninstaller","Present","app13","Windows Utilities","Existing coverage","Current Patch My PC support list","https://patchmypc.com/product/home-updater/","Klocman.BulkCrapUninstaller","Catalog presence only; installation and continued publisher support were not re-tested.","2026-10-01","Everyday / creator workflow"
"8","PC & Tools","Windows Utilities","BlurAutoClicker","Present","winutil_blurautoclicker","Windows Utilities","Existing coverage","Existing catalog metadata","https://blur009.vercel.app/projects/blur-autoclicker/","Blur009.BlurAutoClicker","Catalog presence only; installation and continued publisher support were not re-tested.","2026-10-01","Everyday / creator workflow"
"9","PC & Tools","Windows Utilities","DISMTools","Present","winutil_dismtools","Windows Utilities","Existing coverage","Existing catalog metadata","https://github.com/CodingWonders/DISMTools","CodingWondersSoftware.DISMTools.Stable","Catalog presence only; installation and continued publisher support were not re-tested.","2026-10-01","Everyday / creator workflow"
"10","PC & Tools","Windows Utilities","Ditto","Present","daily_ditto","Windows Utilities","Existing coverage","Current Patch My PC support list","https://patchmypc.com/product/home-updater/","Ditto.Ditto","Catalog presence only; installation and continued publisher support were not re-tested.","2026-10-01","Everyday / creator workflow"
"11","PC & Tools","Windows Utilities","F.lux","Present","winutil_flux","Windows Utilities","Existing coverage","Current Patch My PC support list","https://patchmypc.com/product/home-updater/","flux.flux","Catalog presence only; installation and continued publisher support were not re-tested.","2026-10-01","Everyday / creator workflow"
"12","PC & Tools","Windows Utilities","GlazeWM","Present","app24","Windows Utilities","Existing coverage","Existing catalog metadata","","glzr-io.glazewm","Catalog presence only; installation and continued publisher support were not re-tested.","2026-10-01","Everyday / creator workflow"
"13","PC & Tools","Windows Utilities","gsudo","Present","winutil_gsudo","Windows Utilities","Existing coverage","Existing catalog metadata","https://github.com/gerardog/gsudo","gerardog.gsudo","Catalog presence only; installation and continued publisher support were not re-tested.","2026-10-01","Everyday / creator workflow"
"14","PC & Tools","Windows Utilities","MiniTool Partition Wizard","Present","winutil_minitoolpartitionwizard","Windows Utilities","Existing coverage","Existing catalog metadata","https://www.partitionwizard.com/","MiniTool.PartitionWizard.Free","Catalog presence only; installation and continued publisher support were not re-tested.","2026-10-01","Everyday / creator workflow"
"15","PC & Tools","Windows Utilities","MSEdgeRedirect","Present","winutil_msedgeredirect","Windows Utilities","Existing coverage","Existing catalog metadata","https://github.com/rcmaehl/MSEdgeRedirect","rcmaehl.MSEdgeRedirect","Catalog presence only; installation and continued publisher support were not re-tested.","2026-10-01","Everyday / creator workflow"
"16","PC & Tools","Windows Utilities","Nilesoft Shell","Present","winutil_nilesoftshell","Windows Utilities","Existing coverage","Existing catalog metadata","https://nilesoft.org/","Nilesoft.Shell","Catalog presence only; installation and continued publisher support were not re-tested.","2026-10-01","Everyday / creator workflow"
"17","PC & Tools","Windows Utilities","NTLite","Present","winutil_ntlite","Windows Utilities","Existing coverage","Existing catalog metadata","https://ntlite.com","Nlitesoft.NTLite","Catalog presence only; installation and continued publisher support were not re-tested.","2026-10-01","Everyday / creator workflow"
"18","PC & Tools","Windows Utilities","OFGB (Oh Frick Go Back)","Present","winutil_ofgb","Windows Utilities","Existing coverage","Existing catalog metadata","https://github.com/xM4ddy/OFGB","xM4ddy.OFGB","Catalog presence only; installation and continued publisher support were not re-tested.","2026-10-01","Everyday / creator workflow"
"19","PC & Tools","Windows Utilities","OPAutoClicker","Present","winutil_opautoclicker","Windows Utilities","Existing coverage","Existing catalog metadata","https://www.opautoclicker.com","OPAutoClicker.OPAutoClicker","Catalog presence only; installation and continued publisher support were not re-tested.","2026-10-01","Everyday / creator workflow"
"20","PC & Tools","Windows Utilities","Oracle VirtualBox","Present","winutil_ovirtualbox","Windows Utilities","Existing coverage","Current Patch My PC support list","https://patchmypc.com/product/home-updater/","Oracle.VirtualBox","Catalog presence only; installation and continued publisher support were not re-tested.","2026-10-01","Everyday / creator workflow"
"21","PC & Tools","Windows Utilities","Policy Plus","Present","winutil_policyplus","Windows Utilities","Existing coverage","Existing catalog metadata","https://github.com/Fleex255/PolicyPlus","Fleex255.PolicyPlus","Catalog presence only; installation and continued publisher support were not re-tested.","2026-10-01","Everyday / creator workflow"
"22","PC & Tools","Windows Utilities","PowerToys","Present","extra_powertoys","Windows Utilities","Existing coverage","Current Patch My PC support list","https://patchmypc.com/product/home-updater/","Microsoft.PowerToys","Catalog presence only; installation and continued publisher support were not re-tested.","2026-10-01","Everyday / creator workflow"
"23","PC & Tools","Windows Utilities","Process Explorer","Present","winutil_processexplorer","Windows Utilities","Existing coverage","Existing catalog metadata","https://learn.microsoft.com/sysinternals/downloads/process-explorer","Microsoft.Sysinternals.ProcessExplorer","Catalog presence only; installation and continued publisher support were not re-tested.","2026-10-01","Everyday / creator workflow"
"24","PC & Tools","Windows Utilities","Process Lasso","Present","winutil_processlasso","Windows Utilities","Existing coverage","Current Patch My PC support list","https://patchmypc.com/product/home-updater/","BitSum.ProcessLasso","Catalog presence only; installation and continued publisher support were not re-tested.","2026-10-01","Everyday / creator workflow"
"25","PC & Tools","Windows Utilities","Process Monitor","Present","winutil_processmonitor","Windows Utilities","Existing coverage","Existing catalog metadata","https://docs.microsoft.com/en-us/sysinternals/downloads/procmon","Microsoft.Sysinternals.ProcessMonitor","Catalog presence only; installation and continued publisher support were not re-tested.","2026-10-01","Everyday / creator workflow"
"26","PC & Tools","Windows Utilities","Revo Uninstaller","Present","winutil_revo","Windows Utilities","Existing coverage","Current Patch My PC support list","https://patchmypc.com/product/home-updater/","RevoUninstaller.RevoUninstaller","Catalog presence only; installation and continued publisher support were not re-tested.","2026-10-01","Everyday / creator workflow"
"27","PC & Tools","Windows Utilities","Rufus","Present","extra_rufus","Windows Utilities","Existing coverage","Current Patch My PC support list","https://patchmypc.com/product/home-updater/","Rufus.Rufus","Catalog presence only; installation and continued publisher support were not re-tested.","2026-10-01","Everyday / creator workflow"
"28","PC & Tools","Windows Utilities","StartAllBack","Present","winutil_startallback","Windows Utilities","Existing coverage","Existing catalog metadata","https://www.startallback.com/","StartIsBack.StartAllBack","Catalog presence only; installation and continued publisher support were not re-tested.","2026-10-01","Everyday / creator workflow"
"29","PC & Tools","Windows Utilities","System Informer","Present","winutil_systeminformer","Windows Utilities","Existing coverage","Existing catalog metadata","https://systeminformer.com/","WinsiderSS.SystemInformer","Catalog presence only; installation and continued publisher support were not re-tested.","2026-10-01","Everyday / creator workflow"
"30","PC & Tools","Windows Utilities","TranslucentTB","Present","app19","Windows Utilities","Existing coverage","Existing catalog metadata","","CharlesMilette.TranslucentTB","Catalog presence only; installation and continued publisher support were not re-tested.","2026-10-01","Everyday / creator workflow"
"31","PC & Tools","Windows Utilities","UniGetUI","Present","winutil_wingetui","Windows Utilities","Existing coverage","Existing catalog metadata","https://devolutions.net/unigetui/","Devolutions.UniGetUI","Catalog presence only; installation and continued publisher support were not re-tested.","2026-10-01","Everyday / creator workflow"
"32","PC & Tools","Windows Utilities","Ventoy","Present","winutil_ventoy","Windows Utilities","Existing coverage","Current Patch My PC support list","https://patchmypc.com/product/home-updater/","Ventoy.Ventoy","Catalog presence only; installation and continued publisher support were not re-tested.","2026-10-01","Everyday / creator workflow"
"33","PC & Tools","Windows Utilities","Wise Program Uninstaller (WiseCleaner)","Present","winutil_wiseprogramuninstaller","Windows Utilities","Existing coverage","Existing catalog metadata","https://www.wisecleaner.com/wise-program-uninstaller.html","WiseCleaner.WiseProgramUninstaller","Catalog presence only; installation and continued publisher support were not re-tested.","2026-10-01","Everyday / creator workflow"
"34","PC & Tools","Windows Utilities","AutoIt","Missing","","","Complementary candidate","Current Patch My PC support list","https://patchmypc.com/product/home-updater/","Not validated","Support-list presence confirms a Windows distribution signal, not popularity, maintenance or an install test.","2026-10-01","Everyday / creator workflow"
"35","PC & Tools","Windows Utilities","balenaEtcher","Missing","","","Complementary candidate","Current Patch My PC support list","https://patchmypc.com/product/home-updater/","Not validated","Support-list presence confirms a Windows distribution signal, not popularity, maintenance or an install test.","2026-10-01","Everyday / creator workflow"
"36","PC & Tools","Windows Utilities","Big Stretch Reminder","Missing","","","Complementary candidate","Current Patch My PC support list","https://patchmypc.com/product/home-updater/","Not validated","Support-list presence confirms a Windows distribution signal, not popularity, maintenance or an install test.","2026-10-01","Everyday / creator workflow"
"37","PC & Tools","Windows Utilities","BleachBit","Missing","","","Complementary candidate","Publisher page reviewed","https://www.bleachbit.org/download/windows","Not validated","Official Windows cleaner download; cleaning options need deliberate configuration.","2026-10-01","Everyday / creator workflow"
"38","PC & Tools","Windows Utilities","BlueScreenView","Missing","","","Complementary candidate","Current Patch My PC support list","https://patchmypc.com/product/home-updater/","Not validated","Support-list presence confirms a Windows distribution signal, not popularity, maintenance or an install test.","2026-10-01","Everyday / creator workflow"
"39","PC & Tools","Windows Utilities","CopyQ","Missing","","","Complementary candidate","Current Patch My PC support list","https://patchmypc.com/product/home-updater/","Not validated","Support-list presence confirms a Windows distribution signal, not popularity, maintenance or an install test.","2026-10-01","Everyday / creator workflow"
"40","PC & Tools","Windows Utilities","Launchy","Missing","","","Complementary candidate","Current Patch My PC support list","https://patchmypc.com/product/home-updater/","Not validated","Support-list presence confirms a Windows distribution signal, not popularity, maintenance or an install test.","2026-10-01","Everyday / creator workflow"
"41","PC & Tools","Windows Utilities","Open-Shell","Missing","","","Complementary candidate","Current Patch My PC support list","https://patchmypc.com/product/home-updater/","Not validated","Support-list presence confirms a Windows distribution signal, not popularity, maintenance or an install test.","2026-10-01","Everyday / creator workflow"
"42","PC & Tools","Windows Utilities","PureText","Missing","","","Complementary candidate","Current Patch My PC support list","https://patchmypc.com/product/home-updater/","Not validated","Support-list presence confirms a Windows distribution signal, not popularity, maintenance or an install test.","2026-10-01","Everyday / creator workflow"
"43","PC & Tools","Windows Utilities","Quick Assist","Windows/vendor-provided","","","Complementary candidate","Platform component; verify availability","","Not validated","Do not treat as a required new installation; confirm the machine/driver supplies it.","2026-10-01","Everyday / creator workflow"
"44","PC & Tools","Windows Utilities","Rainmeter","Missing","","","Complementary candidate","Current Patch My PC support list","https://patchmypc.com/product/home-updater/","Not validated","Support-list presence confirms a Windows distribution signal, not popularity, maintenance or an install test.","2026-10-01","Everyday / creator workflow"
"45","PC & Tools","Windows Utilities","Raspberry Pi Imager","Missing","","","Complementary candidate","Current Patch My PC support list","https://patchmypc.com/product/home-updater/","Not validated","Support-list presence confirms a Windows distribution signal, not popularity, maintenance or an install test.","2026-10-01","Everyday / creator workflow"
"46","PC & Tools","Windows Utilities","Recuva","Missing","","","Complementary candidate","Current Patch My PC support list","https://patchmypc.com/product/home-updater/","Not validated","Support-list presence confirms a Windows distribution signal, not popularity, maintenance or an install test.","2026-10-01","Everyday / creator workflow"
"47","PC & Tools","Windows Utilities","Resource Hacker","Missing","","","Complementary candidate","Current Patch My PC support list","https://patchmypc.com/product/home-updater/","Not validated","Support-list presence confirms a Windows distribution signal, not popularity, maintenance or an install test.","2026-10-01","Everyday / creator workflow"
"48","PC & Tools","Windows Utilities","Sysinternals Suite","Missing","","","Complementary candidate","Current Patch My PC support list","https://patchmypc.com/product/home-updater/","Not validated","Support-list presence confirms a Windows distribution signal, not popularity, maintenance or an install test.","2026-10-01","Everyday / creator workflow"
"49","PC & Tools","Windows Utilities","WhoCrashed","Missing","","","Complementary candidate","Current Patch My PC support list","https://patchmypc.com/product/home-updater/","Not validated","Support-list presence confirms a Windows distribution signal, not popularity, maintenance or an install test.","2026-10-01","Everyday / creator workflow"
"50","PC & Tools","Windows Utilities","Winaero Tweaker","Missing","","","Complementary candidate","Current Patch My PC support list","https://patchmypc.com/product/home-updater/","Not validated","Support-list presence confirms a Windows distribution signal, not popularity, maintenance or an install test.","2026-10-01","Everyday / creator workflow"
"1","PC & Tools","Hardware & Drivers","FanControl","Missing","","","Priority gap","Publisher page reviewed","https://getfancontrol.com/","Not validated","Windows fan control; check hardware compatibility.","2026-10-01","Specialist / occasional workflow"
"2","PC & Tools","Hardware & Drivers","Libre Hardware Monitor","Missing","","","Priority gap","Current Patch My PC support list","https://patchmypc.com/product/home-updater/","Not validated","Support-list presence confirms a Windows distribution signal, not popularity, maintenance or an install test.","2026-10-01","Specialist / occasional workflow"
"3","PC & Tools","Hardware & Drivers","OCCT","Missing","","","Priority gap","Candidate; publisher/Windows verification pending","","Not validated","A research lead, not a verified Windows addition.","2026-10-01","Specialist / occasional workflow"
"4","PC & Tools","Hardware & Drivers","AMD Driver","Present","app6","Hardware & Drivers","Existing coverage","Existing catalog metadata","https://www.amd.com/en/support/download/drivers.html","https://www.amd.com/en/support/download/drivers.html","Catalog presence only; installation and continued publisher support were not re-tested.","2026-10-01","Specialist / occasional workflow"
"5","PC & Tools","Hardware & Drivers","Cinebench R23","Present","winutil_cinebenchr23","Hardware & Drivers","Existing coverage","Existing catalog metadata","https://www.maxon.net/en/cinebench","Maxon.CinebenchR23","Catalog presence only; installation and continued publisher support were not re-tested.","2026-10-01","Specialist / occasional workflow"
"6","PC & Tools","Hardware & Drivers","Corsair iCUE","Present","daily_corsair_icue","Hardware & Drivers","Existing coverage","Existing catalog metadata","https://www.corsair.com/us/en/s/downloads","https://www.corsair.com/us/en/s/downloads","Catalog presence only; installation and continued publisher support were not re-tested.","2026-10-01","Specialist / occasional workflow"
"7","PC & Tools","Hardware & Drivers","CPU-Z","Present","winutil_cpuz","Hardware & Drivers","Existing coverage","Existing catalog metadata","https://www.cpuid.com/softwares/cpu-z.html","CPUID.CPU-Z","Catalog presence only; installation and continued publisher support were not re-tested.","2026-10-01","Specialist / occasional workflow"
"8","PC & Tools","Hardware & Drivers","CrystalDiskInfo","Present","extra_crystaldiskinfo","Hardware & Drivers","Existing coverage","Current Patch My PC support list","https://patchmypc.com/product/home-updater/","CrystalDewWorld.CrystalDiskInfo","Catalog presence only; installation and continued publisher support were not re-tested.","2026-10-01","Specialist / occasional workflow"
"9","PC & Tools","Hardware & Drivers","CrystalDiskMark","Present","extra_crystaldiskmark","Hardware & Drivers","Existing coverage","Current Patch My PC support list","https://patchmypc.com/product/home-updater/","CrystalDewWorld.CrystalDiskMark","Catalog presence only; installation and continued publisher support were not re-tested.","2026-10-01","Specialist / occasional workflow"
"10","PC & Tools","Hardware & Drivers","Display Driver Uninstaller","Present","winutil_ddu","Hardware & Drivers","Existing coverage","Current Patch My PC support list","https://patchmypc.com/product/home-updater/","Wagnardsoft.DisplayDriverUninstaller","Catalog presence only; installation and continued publisher support were not re-tested.","2026-10-01","Specialist / occasional workflow"
"11","PC & Tools","Hardware & Drivers","GPU-Z","Present","winutil_gpuz","Hardware & Drivers","Existing coverage","Current Patch My PC support list","https://patchmypc.com/product/home-updater/","TechPowerUp.GPU-Z","Catalog presence only; installation and continued publisher support were not re-tested.","2026-10-01","Specialist / occasional workflow"
"12","PC & Tools","Hardware & Drivers","HWiNFO","Present","winutil_hwinfo","Hardware & Drivers","Existing coverage","Current Patch My PC support list","https://patchmypc.com/product/home-updater/","REALiX.HWiNFO","Catalog presence only; installation and continued publisher support were not re-tested.","2026-10-01","Specialist / occasional workflow"
"13","PC & Tools","Hardware & Drivers","HWMonitor","Present","winutil_hwmonitor","Hardware & Drivers","Existing coverage","Existing catalog metadata","https://www.cpuid.com/softwares/hwmonitor.html","CPUID.HWMonitor","Catalog presence only; installation and continued publisher support were not re-tested.","2026-10-01","Specialist / occasional workflow"
"14","PC & Tools","Hardware & Drivers","Logi Options+","Present","daily_logi_options","Hardware & Drivers","Existing coverage","Current Patch My PC support list","https://patchmypc.com/product/home-updater/","https://www.logitech.com/en-us/software/logi-options-plus.html","Catalog presence only; installation and continued publisher support were not re-tested.","2026-10-01","Specialist / occasional workflow"
"15","PC & Tools","Hardware & Drivers","Logitech G HUB","Present","daily_logitech_g_hub","Hardware & Drivers","Existing coverage","Current Patch My PC support list","https://patchmypc.com/product/home-updater/","https://www.logitechg.com/en-us/innovation/g-hub.html","Catalog presence only; installation and continued publisher support were not re-tested.","2026-10-01","Specialist / occasional workflow"
"16","PC & Tools","Hardware & Drivers","MSI Afterburner","Present","winutil_msiafterburner","Hardware & Drivers","Existing coverage","Current Patch My PC support list","https://patchmypc.com/product/home-updater/","Guru3D.Afterburner","Catalog presence only; installation and continued publisher support were not re-tested.","2026-10-01","Specialist / occasional workflow"
"17","PC & Tools","Hardware & Drivers","NVCleanstall","Present","nvclean","Hardware & Drivers","Existing coverage","Existing catalog metadata","","TechPowerUp.NVCleanstall","Catalog presence only; installation and continued publisher support were not re-tested.","2026-10-01","Specialist / occasional workflow"
"18","PC & Tools","Hardware & Drivers","NVIDIA Drivers","Present","nvidia","Hardware & Drivers","Existing coverage","Existing catalog metadata","https://www.nvidia.com/en-us/drivers/","https://www.nvidia.com/en-us/drivers/","Catalog presence only; installation and continued publisher support were not re-tested.","2026-10-01","Specialist / occasional workflow"
"19","PC & Tools","Hardware & Drivers","OpenRGB","Present","extra_openrgb","Hardware & Drivers","Existing coverage","Current Patch My PC support list","https://patchmypc.com/product/home-updater/","OpenRGB.OpenRGB","Catalog presence only; installation and continued publisher support were not re-tested.","2026-10-01","Specialist / occasional workflow"
"20","PC & Tools","Hardware & Drivers","Razer Synapse","Present","daily_razer_synapse","Hardware & Drivers","Existing coverage","Existing catalog metadata","https://www.razer.com/synapse-4","https://www.razer.com/synapse-4","Catalog presence only; installation and continued publisher support were not re-tested.","2026-10-01","Specialist / occasional workflow"
"21","PC & Tools","Hardware & Drivers","SignalRGB","Present","winutil_signalrgb","Hardware & Drivers","Existing coverage","Current Patch My PC support list","https://patchmypc.com/product/home-updater/","WhirlwindFX.SignalRgb","Catalog presence only; installation and continued publisher support were not re-tested.","2026-10-01","Specialist / occasional workflow"
"22","PC & Tools","Hardware & Drivers","Snappy Driver Installer Origin","Present","winutil_sdio","Hardware & Drivers","Existing coverage","Current Patch My PC support list","https://patchmypc.com/product/home-updater/","GlennDelahoy.SnappyDriverInstallerOrigin","Catalog presence only; installation and continued publisher support were not re-tested.","2026-10-01","Specialist / occasional workflow"
"23","PC & Tools","Hardware & Drivers","SSL Driver","Present","app18","Hardware & Drivers","Existing coverage","Existing catalog metadata","https://solidstatelogic.com/support-page/downloads","https://solidstatelogic.com/support-page/downloads","Catalog presence only; installation and continued publisher support were not re-tested.","2026-10-01","Specialist / occasional workflow"
"24","PC & Tools","Hardware & Drivers","UAD / UA Connect","Present","app12","Hardware & Drivers","Existing coverage","Existing catalog metadata","https://www.uaudio.com/downloads.html","https://www.uaudio.com/downloads.html","Catalog presence only; installation and continued publisher support were not re-tested.","2026-10-01","Specialist / occasional workflow"
"25","PC & Tools","Hardware & Drivers","AMD Ryzen Master","Missing","","","Complementary candidate","Current Patch My PC support list","https://patchmypc.com/product/home-updater/","Not validated","Support-list presence confirms a Windows distribution signal, not popularity, maintenance or an install test.","2026-10-01","Specialist / occasional workflow"
"26","PC & Tools","Hardware & Drivers","Crucial Storage Executive","Missing","","","Complementary candidate","Current Patch My PC support list","https://patchmypc.com/product/home-updater/","Not validated","Support-list presence confirms a Windows distribution signal, not popularity, maintenance or an install test.","2026-10-01","Specialist / occasional workflow"
"27","PC & Tools","Hardware & Drivers","DisplayLink Graphics","Missing","","","Complementary candidate","Current Patch My PC support list","https://patchmypc.com/product/home-updater/","Not validated","Support-list presence confirms a Windows distribution signal, not popularity, maintenance or an install test.","2026-10-01","Specialist / occasional workflow"
"28","PC & Tools","Hardware & Drivers","G-Helper","Missing","","","Complementary candidate","Current Patch My PC support list","https://patchmypc.com/product/home-updater/","Not validated","Support-list presence confirms a Windows distribution signal, not popularity, maintenance or an install test.","2026-10-01","Specialist / occasional workflow"
"29","PC & Tools","Hardware & Drivers","Intel Extreme Tuning Utility","Missing","","","Complementary candidate","Current Patch My PC support list","https://patchmypc.com/product/home-updater/","Not validated","Support-list presence confirms a Windows distribution signal, not popularity, maintenance or an install test.","2026-10-01","Specialist / occasional workflow"
"30","PC & Tools","Hardware & Drivers","Kingston SSD Manager","Missing","","","Complementary candidate","Current Patch My PC support list","https://patchmypc.com/product/home-updater/","Not validated","Support-list presence confirms a Windows distribution signal, not popularity, maintenance or an install test.","2026-10-01","Specialist / occasional workflow"
"31","PC & Tools","Hardware & Drivers","LatencyMon","Missing","","","Complementary candidate","Current Patch My PC support list","https://patchmypc.com/product/home-updater/","Not validated","Support-list presence confirms a Windows distribution signal, not popularity, maintenance or an install test.","2026-10-01","Specialist / occasional workflow"
"32","PC & Tools","Hardware & Drivers","Lenovo System Update","Missing","","","Complementary candidate","Current Patch My PC support list","https://patchmypc.com/product/home-updater/","Not validated","Support-list presence confirms a Windows distribution signal, not popularity, maintenance or an install test.","2026-10-01","Specialist / occasional workflow"
"33","PC & Tools","Hardware & Drivers","Logi Tune","Missing","","","Complementary candidate","Current Patch My PC support list","https://patchmypc.com/product/home-updater/","Not validated","Support-list presence confirms a Windows distribution signal, not popularity, maintenance or an install test.","2026-10-01","Specialist / occasional workflow"
"34","PC & Tools","Hardware & Drivers","SanDisk Dashboard","Missing","","","Complementary candidate","Current Patch My PC support list","https://patchmypc.com/product/home-updater/","Not validated","Support-list presence confirms a Windows distribution signal, not popularity, maintenance or an install test.","2026-10-01","Specialist / occasional workflow"
"35","PC & Tools","Hardware & Drivers","Speccy","Missing","","","Complementary candidate","Current Patch My PC support list","https://patchmypc.com/product/home-updater/","Not validated","Support-list presence confirms a Windows distribution signal, not popularity, maintenance or an install test.","2026-10-01","Specialist / occasional workflow"
"36","PC & Tools","Hardware & Drivers","SteelSeries GG","Missing","","","Complementary candidate","Current Patch My PC support list","https://patchmypc.com/product/home-updater/","Not validated","Support-list presence confirms a Windows distribution signal, not popularity, maintenance or an install test.","2026-10-01","Specialist / occasional workflow"
"37","PC & Tools","Hardware & Drivers","AS SSD Benchmark","Missing","","","Complementary candidate","Candidate; publisher/Windows verification pending","","Not validated","A research lead, not a verified Windows addition.","2026-10-01","Specialist / occasional workflow"
"38","PC & Tools","Hardware & Drivers","ASRock Polychrome RGB","Missing","","","Complementary candidate","Candidate; publisher/Windows verification pending","","Not validated","A research lead, not a verified Windows addition.","2026-10-01","Specialist / occasional workflow"
"39","PC & Tools","Hardware & Drivers","ASUS Armoury Crate","Missing","","","Complementary candidate","Candidate; publisher/Windows verification pending","","Not validated","A research lead, not a verified Windows addition.","2026-10-01","Specialist / occasional workflow"
"40","PC & Tools","Hardware & Drivers","Core Temp","Missing","","","Complementary candidate","Candidate; publisher/Windows verification pending","","Not validated","A research lead, not a verified Windows addition.","2026-10-01","Specialist / occasional workflow"
"41","PC & Tools","Hardware & Drivers","Dell Command Update","Missing","","","Complementary candidate","Candidate; publisher/Windows verification pending","","Not validated","A research lead, not a verified Windows addition.","2026-10-01","Specialist / occasional workflow"
"42","PC & Tools","Hardware & Drivers","Elgato Stream Deck","Missing","","","Complementary candidate","Candidate; publisher/Windows verification pending","","Not validated","A research lead, not a verified Windows addition.","2026-10-01","Specialist / occasional workflow"
"43","PC & Tools","Hardware & Drivers","Focusrite Control 2","Missing","","","Complementary candidate","Candidate; publisher/Windows verification pending","","Not validated","A research lead, not a verified Windows addition.","2026-10-01","Specialist / occasional workflow"
"44","PC & Tools","Hardware & Drivers","Gigabyte Control Center","Missing","","","Complementary candidate","Candidate; publisher/Windows verification pending","","Not validated","A research lead, not a verified Windows addition.","2026-10-01","Specialist / occasional workflow"
"45","PC & Tools","Hardware & Drivers","Huion Tablet Driver","Missing","","","Complementary candidate","Candidate; publisher/Windows verification pending","","Not validated","A research lead, not a verified Windows addition.","2026-10-01","Specialist / occasional workflow"
"46","PC & Tools","Hardware & Drivers","Intel Driver & Support Assistant","Missing","","","Complementary candidate","Candidate; publisher/Windows verification pending","","Not validated","A research lead, not a verified Windows addition.","2026-10-01","Specialist / occasional workflow"
"47","PC & Tools","Hardware & Drivers","L-Connect 3","Missing","","","Complementary candidate","Candidate; publisher/Windows verification pending","","Not validated","A research lead, not a verified Windows addition.","2026-10-01","Specialist / occasional workflow"
"48","PC & Tools","Hardware & Drivers","MOTU CueMix 5","Missing","","","Complementary candidate","Candidate; publisher/Windows verification pending","","Not validated","A research lead, not a verified Windows addition.","2026-10-01","Specialist / occasional workflow"
"49","PC & Tools","Hardware & Drivers","MSI Center","Missing","","","Complementary candidate","Candidate; publisher/Windows verification pending","","Not validated","A research lead, not a verified Windows addition.","2026-10-01","Specialist / occasional workflow"
"50","PC & Tools","Hardware & Drivers","NZXT CAM","Missing","","","Complementary candidate","Candidate; publisher/Windows verification pending","","Not validated","A research lead, not a verified Windows addition.","2026-10-01","Specialist / occasional workflow"
"1","PC & Tools","Audio Controls","FxSound","Missing","","","Priority gap","Publisher page reviewed","https://www.fxsound.com/download","Not validated","Official Windows audio enhancement download.","2026-10-01","Specialist / occasional workflow"
"2","PC & Tools","Audio Controls","NVIDIA Broadcast","Missing","","","Priority gap","Publisher page reviewed","https://www.nvidia.com/en-us/geforce/broadcasting/broadcast-app/","Not validated","Requires compatible NVIDIA hardware; not an everyday default.","2026-10-01","Specialist / occasional workflow"
"3","PC & Tools","Audio Controls","SoundSwitch","Missing","","","Priority gap","Publisher page reviewed","https://github.com/Belphemur/SoundSwitch","Not validated","Publisher repository: switch default audio devices.","2026-10-01","Specialist / occasional workflow"
"4","PC & Tools","Audio Controls","Voicemeeter","Missing","","","Priority gap","Publisher page reviewed","https://vb-audio.com/Voicemeeter/","Not validated","Windows mixer with virtual audio devices; administrator installation and restart.","2026-10-01","Specialist / occasional workflow"
"5","PC & Tools","Audio Controls","VB-Audio Virtual Cable","Missing","","","Priority gap","Candidate; publisher/Windows verification pending","","Not validated","A research lead, not a verified Windows addition.","2026-10-01","Specialist / occasional workflow"
"6","PC & Tools","Audio Controls","EarTrumpet","Present","extra_eartrumpet","Audio Controls","Existing coverage","Existing catalog metadata","https://eartrumpet.app/","File-New-Project.EarTrumpet","Catalog presence only; installation and continued publisher support were not re-tested.","2026-10-01","Specialist / occasional workflow"
"7","PC & Tools","Audio Controls","Equalizer APO","Present","apo","Audio Controls","Existing coverage","Existing catalog metadata","https://sourceforge.net/projects/equalizerapo/","https://sourceforge.net/projects/equalizerapo/","Catalog presence only; installation and continued publisher support were not re-tested.","2026-10-01","Specialist / occasional workflow"
"8","PC & Tools","Audio Controls","Peace GUI","Present","peace","Audio Controls","Existing coverage","Existing catalog metadata","https://sourceforge.net/projects/peace-equalizer-apo-extension/","https://sourceforge.net/projects/peace-equalizer-apo-extension/","Catalog presence only; installation and continued publisher support were not re-tested.","2026-10-01","Specialist / occasional workflow"
"9","PC & Tools","Audio Controls","Volume2","Missing","","","Complementary candidate","Current Patch My PC support list","https://patchmypc.com/product/home-updater/","Not validated","Support-list presence confirms a Windows distribution signal, not popularity, maintenance or an install test.","2026-10-01","Specialist / occasional workflow"
"10","PC & Tools","Audio Controls","Windows Sound settings","Windows/vendor-provided","","","Complementary candidate","Platform component; verify availability","","Not validated","Do not treat as a required new installation; confirm the machine/driver supplies it.","2026-10-01","Specialist / occasional workflow"
"11","PC & Tools","Audio Controls","ASIO4ALL","Missing","","","Complementary candidate","Candidate; publisher/Windows verification pending","","Not validated","A research lead, not a verified Windows addition.","2026-10-01","Specialist / occasional workflow"
"12","PC & Tools","Audio Controls","Audio Switcher","Missing","","","Complementary candidate","Candidate; publisher/Windows verification pending","","Not validated","A research lead, not a verified Windows addition.","2026-10-01","Specialist / occasional workflow"
"13","PC & Tools","Audio Controls","FlexASIO","Missing","","","Complementary candidate","Candidate; publisher/Windows verification pending","","Not validated","A research lead, not a verified Windows addition.","2026-10-01","Specialist / occasional workflow"
"14","PC & Tools","Audio Controls","JACK Audio Connection Kit","Missing","","","Complementary candidate","Candidate; publisher/Windows verification pending","","Not validated","A research lead, not a verified Windows addition.","2026-10-01","Specialist / occasional workflow"
"15","PC & Tools","Audio Controls","SoundDeviceView","Missing","","","Complementary candidate","Candidate; publisher/Windows verification pending","","Not validated","A research lead, not a verified Windows addition.","2026-10-01","Specialist / occasional workflow"
"16","PC & Tools","Audio Controls","SoundVolumeView","Missing","","","Complementary candidate","Candidate; publisher/Windows verification pending","","Not validated","A research lead, not a verified Windows addition.","2026-10-01","Specialist / occasional workflow"
"17","PC & Tools","Audio Controls","SteelSeries Sonar","Missing","","","Complementary candidate","Candidate; publisher/Windows verification pending","","Not validated","A research lead, not a verified Windows addition.","2026-10-01","Specialist / occasional workflow"
"18","PC & Tools","Audio Controls","VB-Audio Matrix","Missing","","","Complementary candidate","Candidate; publisher/Windows verification pending","","Not validated","A research lead, not a verified Windows addition.","2026-10-01","Specialist / occasional workflow"
"19","PC & Tools","Audio Controls","Virtual Audio Cable","Missing","","","Complementary candidate","Candidate; publisher/Windows verification pending","","Not validated","A research lead, not a verified Windows addition.","2026-10-01","Specialist / occasional workflow"
"1","PC & Tools","Runtimes",".NET Desktop Runtime 10","Present","winutil_dotnet10","Runtimes","Existing coverage","Existing catalog metadata","https://dotnet.microsoft.com/download/dotnet/10.0","Microsoft.DotNet.DesktopRuntime.10","Catalog presence only; installation and continued publisher support were not re-tested.","2026-10-01","Specialist / occasional workflow"
"2","PC & Tools","Runtimes",".NET Desktop Runtime 8","Present","winutil_dotnet8","Runtimes","Existing coverage","Existing catalog metadata","https://dotnet.microsoft.com/download/dotnet/8.0","Microsoft.DotNet.DesktopRuntime.8","Catalog presence only; installation and continued publisher support were not re-tested.","2026-10-01","Specialist / occasional workflow"
"3","PC & Tools","Runtimes",".NET Desktop Runtime 9","Present","winutil_dotnet9","Runtimes","Existing coverage","Existing catalog metadata","https://dotnet.microsoft.com/download/dotnet/9.0","Microsoft.DotNet.DesktopRuntime.9","Catalog presence only; installation and continued publisher support were not re-tested.","2026-10-01","Specialist / occasional workflow"
"4","PC & Tools","Runtimes","DirectX","Present","app4","Runtimes","Existing coverage","Existing catalog metadata","","Microsoft.DirectX","Catalog presence only; installation and continued publisher support were not re-tested.","2026-10-01","Specialist / occasional workflow"
"5","PC & Tools","Runtimes","K-Lite Codec Pack","Present","klite","Runtimes","Existing coverage","Existing catalog metadata","","CodecGuide.K-LiteCodecPack.Standard","Catalog presence only; installation and continued publisher support were not re-tested.","2026-10-01","Specialist / occasional workflow"
"6","PC & Tools","Runtimes","Microsoft Visual C++ v14 Redistributable","Covered by suite","app15","Runtimes","Existing coverage","Existing suite coverage mapping","","Not validated","Covered through a suite/download route; not installed individually and licensing still applies.","2026-10-01","Specialist / occasional workflow"
"7","PC & Tools","Runtimes","Visual C++ (2005-2022, x86 + x64)","Present","app15","Runtimes","Existing coverage","Existing catalog metadata","","Microsoft.VCRedist.2005.x86; Microsoft.VCRedist.2005.x64; Microsoft.VCRedist.2008.x86; Microsoft.VCRedist.2008.x64; Microsoft.VCRedist.2010.x86; Microsoft.VCRedist.2010.x64; Microsoft.VCRedist.2012.x86; Microsoft.VCRedist.2012.x64; Microsoft.VCRedist.2013.x86; Microsoft.VCRedist.2013.x64; Microsoft.VCRedist.2015+.x86; Microsoft.VCRedist.2015+.x64","Catalog presence only; installation and continued publisher support were not re-tested.","2026-10-01","Specialist / occasional workflow"
"8","PC & Tools","Runtimes","NVIDIA PhysX","Missing","","","Complementary candidate","Current Patch My PC support list","https://patchmypc.com/product/home-updater/","Not validated","Support-list presence confirms a Windows distribution signal, not popularity, maintenance or an install test.","2026-10-01","Specialist / occasional workflow"
"9","PC & Tools","Runtimes","Vulkan Runtime","Windows/vendor-provided","","","Complementary candidate","Platform component; verify availability","","Not validated","Do not treat as a required new installation; confirm the machine/driver supplies it.","2026-10-01","Specialist / occasional workflow"
"10","PC & Tools","Runtimes","Eclipse Temurin JRE 17","Missing","","","Complementary candidate","Candidate; publisher/Windows verification pending","","Not validated","A research lead, not a verified Windows addition.","2026-10-01","Specialist / occasional workflow"
"11","PC & Tools","Runtimes","Eclipse Temurin JRE 21","Missing","","","Complementary candidate","Candidate; publisher/Windows verification pending","","Not validated","A research lead, not a verified Windows addition.","2026-10-01","Specialist / occasional workflow"
"12","PC & Tools","Runtimes","Microsoft .NET Framework 4.8.1","Missing","","","Complementary candidate","Candidate; publisher/Windows verification pending","","Not validated","A research lead, not a verified Windows addition.","2026-10-01","Specialist / occasional workflow"
"13","PC & Tools","Runtimes","Microsoft Edge WebView2 Runtime","Missing","","","Complementary candidate","Candidate; publisher/Windows verification pending","","Not validated","A research lead, not a verified Windows addition.","2026-10-01","Specialist / occasional workflow"
"14","PC & Tools","Runtimes",".NET Desktop Runtime 6","Present","winutil_dotnet6","Runtimes","Compatibility only","Existing catalog metadata","https://dotnet.microsoft.com/download/dotnet/6.0","Microsoft.DotNet.DesktopRuntime.6","Catalog presence only; installation and continued publisher support were not re-tested.","2026-10-01","Compatibility / dependency"
"15","PC & Tools","Runtimes","Java 8 JRE","Missing","","","Compatibility only","Current Patch My PC support list","https://patchmypc.com/product/home-updater/","Not validated","Support-list presence confirms a Windows distribution signal, not popularity, maintenance or an install test.","2026-10-01","Compatibility / dependency"
"16","PC & Tools","Runtimes","OpenAL","Missing","","","Compatibility only","Candidate; publisher/Windows verification pending","","Not validated","A research lead, not a verified Windows addition.","2026-10-01","Compatibility / dependency"
