"Application","Category","CatalogKey","Installation","PackageID","EvidenceURL","EvidenceType","Frequency","Priority","BeforeStatus","CatalogStatus","ActualCategory","InstallationEvidenceURL","InstallationVerification","ReviewedOn"
"Chrome","Browsers","winutil_chrome","WinGet","Google.Chrome","https://ninite.com/; https://patchmypc.com/product/home-updater/","Curated popular-request catalog; installation signal, not daily active users; Common-app support catalog; availability signal only","Recurring use for a relevant audience is an editorial inference; daily active users not established","Already covered","Present","Present","Browsers","https://raw.githubusercontent.com/microsoft/winget-pkgs/master/manifests/g/Google/Chrome/153.0.8010.37/Google.Chrome.locale.en-US.yaml","WinGet manifest","2026-10-01"
"Edge","Browsers","winutil_edge","WinGet","Microsoft.Edge","https://ninite.com/","Curated popular-request catalog; installation signal, not daily active users","Recurring use for a relevant audience is an editorial inference; daily active users not established","Already covered","Present","Present","Browsers","https://raw.githubusercontent.com/microsoft/winget-pkgs/master/manifests/m/Microsoft/Edge/153.0.4234.32/Microsoft.Edge.locale.en-US.yaml","WinGet manifest","2026-10-01"
"Firefox","Browsers","extra_firefox","WinGet","Mozilla.Firefox","https://ninite.com/; https://packagepicker.co/stats; https://patchmypc.com/product/home-updater/","Curated popular-request catalog; installation signal, not daily active users; Selection/install counts from one small self-selected service; not global usage; Common-app support catalog; availability signal only","Recurring use for a relevant audience is an editorial inference; daily active users not established","Already covered","Present","Present","Browsers","https://raw.githubusercontent.com/microsoft/winget-pkgs/master/manifests/m/Mozilla/Firefox/155.0/Mozilla.Firefox.locale.en-US.yaml","Existing catalog metadata; not revalidated in this audit","2026-10-01"
"Brave","Browsers","app8","WinGet","Brave.Brave","https://ninite.com/; https://packagepicker.co/stats; https://patchmypc.com/product/home-updater/","Curated popular-request catalog; installation signal, not daily active users; Selection/install counts from one small self-selected service; not global usage; Common-app support catalog; availability signal only","Recurring use for a relevant audience is an editorial inference; daily active users not established","Already covered","Present","Present","Browsers","https://github.com/microsoft/winget-pkgs/tree/master/manifests/b/Brave/Brave","Existing catalog metadata; not revalidated in this audit","2026-10-01"
"Opera","Browsers","daily_opera","WinGet","Opera.Opera","https://ninite.com/; https://packagepicker.co/stats; https://patchmypc.com/product/home-updater/","Curated popular-request catalog; installation signal, not daily active users; Selection/install counts from one small self-selected service; not global usage; Common-app support catalog; availability signal only","Recurring use for a relevant audience is an editorial inference; daily active users not established","Audience-specific","Missing","Added","Browsers","https://raw.githubusercontent.com/microsoft/winget-pkgs/master/manifests/o/Opera/Opera/136.0.6008.80/Opera.Opera.installer.yaml","WinGet manifest; installation untested","2026-10-01"
"Vivaldi","Browsers","winutil_vivaldi","WinGet","Vivaldi.Vivaldi","https://ninite.com/; https://packagepicker.co/stats; https://patchmypc.com/product/home-updater/","Curated popular-request catalog; installation signal, not daily active users; Selection/install counts from one small self-selected service; not global usage; Common-app support catalog; availability signal only","Recurring use for a relevant audience is an editorial inference; daily active users not established","Already covered","Present","Present","Browsers","https://raw.githubusercontent.com/microsoft/winget-pkgs/master/manifests/v/Vivaldi/Vivaldi/8.2.4133.52/Vivaldi.Vivaldi.locale.en-US.yaml","WinGet manifest","2026-10-01"
"Tor Browser","Browsers","extra_tor","WinGet","TorProject.TorBrowser","https://patchmypc.com/product/home-updater/","Common-app support catalog; availability signal only","Recurring use for a relevant audience is an editorial inference; daily active users not established","Already covered","Present","Present","Browsers","https://raw.githubusercontent.com/microsoft/winget-pkgs/master/manifests/t/TorProject/TorBrowser/15.0/TorProject.TorBrowser.locale.en-US.yaml","Existing catalog metadata; not revalidated in this audit","2026-10-01"
"LibreWolf","Browsers","extra_librewolf","WinGet","LibreWolf.LibreWolf","https://librewolf.net/","Publisher/catalog availability only; usage not quantified","Recurring use for a relevant audience is an editorial inference; daily active users not established","Already covered","Present","Present","Browsers","https://raw.githubusercontent.com/microsoft/winget-pkgs/master/manifests/l/LibreWolf/LibreWolf/155.0.1-1/LibreWolf.LibreWolf.locale.en-US.yaml","Existing catalog metadata; not revalidated in this audit","2026-10-01"
"Waterfox","Browsers","winutil_waterfox","WinGet","Waterfox.Waterfox","https://patchmypc.com/product/home-updater/","Common-app support catalog; availability signal only","Recurring use for a relevant audience is an editorial inference; daily active users not established","Already covered","Present","Present","Browsers","https://raw.githubusercontent.com/microsoft/winget-pkgs/master/manifests/w/Waterfox/Waterfox/G6.0.20/Waterfox.Waterfox.locale.en-US.yaml","WinGet manifest","2026-10-01"
"Chromium","Browsers","winutil_chromium","WinGet","Hibbiki.Chromium","https://packagepicker.co/stats","Selection/install counts from one small self-selected service; not global usage","Recurring use for a relevant audience is an editorial inference; daily active users not established","Already covered","Present","Present","Browsers","https://raw.githubusercontent.com/microsoft/winget-pkgs/master/manifests/h/Hibbiki/Chromium/153.0.8010.37/Hibbiki.Chromium.locale.en-US.yaml","WinGet manifest","2026-10-01"
"WhatsApp Desktop","Communication","winutil_whatsapp","Guided","","https://www.microsoft.com/en-us/store/most-popular/apps/pc","Store popularity snapshot; not daily active users","Recurring use for a relevant audience is an editorial inference; daily active users not established","Already covered","Present","Present","Chat & Email","https://apps.microsoft.com/detail/9NKSQGP7F2NH","Official Microsoft Store listing","2026-10-01"
"Discord","Communication","app3","WinGet","Discord.Discord","https://ninite.com/; https://packagepicker.co/stats; https://patchmypc.com/product/home-updater/; https://survey.stackoverflow.co/2025/technology","Curated popular-request catalog; installation signal, not daily active users; Selection/install counts from one small self-selected service; not global usage; Common-app support catalog; availability signal only; Developer survey; regular/past-year usage, not all Windows users","Recurring use for a relevant audience is an editorial inference; daily active users not established","Already covered","Present","Present","Chat & Email","https://github.com/microsoft/winget-pkgs/tree/master/manifests/d/Discord/Discord","Existing catalog metadata; not revalidated in this audit","2026-10-01"
"Teams","Communication","winutil_teams","WinGet","Microsoft.Teams","https://ninite.com/","App listing or installer selections; not daily active users","Recurring use for a relevant audience is an editorial inference; daily active users not established","Already covered","Present","Present","Chat & Email","https://raw.githubusercontent.com/microsoft/winget-pkgs/master/manifests/m/Microsoft/Teams/26198.304.4946.9672/Microsoft.Teams.locale.en-US.yaml","WinGet manifest","2026-10-01"
"Zoom","Communication","winutil_zoom","Guided","","https://ninite.com/; https://packagepicker.co/stats; https://patchmypc.com/product/home-updater/","Curated popular-request catalog; installation signal, not daily active users; Selection/install counts from one small self-selected service; not global usage; Common-app support catalog; availability signal only","Recurring use for a relevant audience is an editorial inference; daily active users not established","Already covered","Present","Present","Chat & Email","https://zoom.us/","Guided fallback: HTTP Error 403: rate limit exceeded","2026-10-01"
"Slack","Communication","winutil_slack","WinGet","SlackTechnologies.Slack","https://packagepicker.co/stats; https://survey.stackoverflow.co/2025/technology","Selection/install counts from one small self-selected service; not global usage; Developer survey; regular/past-year usage, not all Windows users","Recurring use for a relevant audience is an editorial inference; daily active users not established","Already covered","Present","Present","Chat & Email","https://raw.githubusercontent.com/microsoft/winget-pkgs/master/manifests/s/SlackTechnologies/Slack/4.52.155/SlackTechnologies.Slack.locale.en-US.yaml","WinGet manifest","2026-10-01"
"Telegram Desktop","Communication","extra_telegram","WinGet","Telegram.TelegramDesktop","https://patchmypc.com/product/home-updater/","Common-app support catalog; availability signal only","Recurring use for a relevant audience is an editorial inference; daily active users not established","Already covered","Present","Present","Chat & Email","https://raw.githubusercontent.com/microsoft/winget-pkgs/master/manifests/t/Telegram/TelegramDesktop/7.2.8/Telegram.TelegramDesktop.locale.en-US.yaml","Existing catalog metadata; not revalidated in this audit","2026-10-01"
"Signal","Communication","extra_signal","WinGet","OpenWhisperSystems.Signal","https://patchmypc.com/product/home-updater/","Common-app support catalog; availability signal only","Recurring use for a relevant audience is an editorial inference; daily active users not established","Already covered","Present","Present","Chat & Email","https://raw.githubusercontent.com/microsoft/winget-pkgs/master/manifests/o/OpenWhisperSystems/Signal/8.27.0/OpenWhisperSystems.Signal.locale.en-US.yaml","Existing catalog metadata; not revalidated in this audit","2026-10-01"
"Thunderbird","Communication","extra_thunderbird","WinGet","Mozilla.Thunderbird","https://ninite.com/; https://packagepicker.co/stats; https://patchmypc.com/product/home-updater/","Curated popular-request catalog; installation signal, not daily active users; Selection/install counts from one small self-selected service; not global usage; Common-app support catalog; availability signal only","Recurring use for a relevant audience is an editorial inference; daily active users not established","Already covered","Present","Present","Chat & Email","https://raw.githubusercontent.com/microsoft/winget-pkgs/master/manifests/m/Mozilla/Thunderbird/155.0/Mozilla.Thunderbird.locale.en-US.yaml","Existing catalog metadata; not revalidated in this audit","2026-10-01"
"Webex","Communication","daily_webex","WinGet","Cisco.Webex","https://github.com/microsoft/winget-pkgs/tree/master/manifests/c/Cisco/Webex","Publisher/catalog availability only; usage not quantified","Recurring use for a relevant audience is an editorial inference; daily active users not established","Audience-specific","Missing","Added","Chat & Email","https://raw.githubusercontent.com/microsoft/winget-pkgs/master/manifests/c/Cisco/Webex/46.9.0.35800/Cisco.Webex.installer.yaml","WinGet manifest; installation untested","2026-10-01"
"Viber","Communication","winutil_viber","WinGet","Rakuten.Viber","https://patchmypc.com/product/home-updater/","Common-app support catalog; availability signal only","Recurring use for a relevant audience is an editorial inference; daily active users not established","Already covered","Present","Present","Chat & Email","https://raw.githubusercontent.com/microsoft/winget-pkgs/master/manifests/r/Rakuten/Viber/28.8.0.0/Rakuten.Viber.locale.en-US.yaml","WinGet manifest","2026-10-01"
"Element","Communication","extra_matrix","WinGet","Element.Element","https://patchmypc.com/product/home-updater/","Common-app support catalog; availability signal only","Recurring use for a relevant audience is an editorial inference; daily active users not established","Already covered","Present","Present","Chat & Email","https://raw.githubusercontent.com/microsoft/winget-pkgs/master/manifests/e/Element/Element/1.12.27/Element.Element.locale.en-US.yaml","Existing catalog metadata; not revalidated in this audit","2026-10-01"
"Beeper","Communication","app2","WinGet","Beeper.Beeper","https://packagepicker.co/stats","Selection/install counts from one small self-selected service; not global usage","Recurring use for a relevant audience is an editorial inference; daily active users not established","Already covered","Present","Present","Chat & Email","https://github.com/microsoft/winget-pkgs/tree/master/manifests/b/Beeper/Beeper","Existing catalog metadata; not revalidated in this audit","2026-10-01"
"Betterbird","Communication","winutil_betterbird","WinGet","Betterbird.Betterbird","https://patchmypc.com/product/home-updater/","Common-app support catalog; availability signal only","Recurring use for a relevant audience is an editorial inference; daily active users not established","Already covered","Present","Present","Chat & Email","https://raw.githubusercontent.com/microsoft/winget-pkgs/master/manifests/b/Betterbird/Betterbird/153.2.0/Betterbird.Betterbird.locale.en-US.yaml","WinGet manifest","2026-10-01"
"eM Client","Communication","daily_em_client","WinGet","eMClient.eMClient","https://patchmypc.com/product/home-updater/","Common-app support catalog; availability signal only","Recurring use for a relevant audience is an editorial inference; daily active users not established","Audience-specific","Missing","Added","Chat & Email","https://raw.githubusercontent.com/microsoft/winget-pkgs/master/manifests/e/eMClient/eMClient/10.4.5674/eMClient.eMClient.installer.yaml","WinGet manifest; installation untested","2026-10-01"
"Mumble","Communication","daily_mumble","Guided","","https://patchmypc.com/product/home-updater/","Common-app support catalog; availability signal only","Recurring use for a relevant audience is an editorial inference; daily active users not established","Audience-specific","Missing","Added","Chat & Email","https://www.mumble.info/downloads/","Official page reachable","2026-10-01"
"TeamSpeak 3","Communication","ts3","WinGet","TeamSpeakSystems.TeamSpeakClient","https://patchmypc.com/product/home-updater/","Common-app support catalog; availability signal only","Recurring use for a relevant audience is an editorial inference; daily active users not established","Already covered","Present","Present","Chat & Email","https://github.com/microsoft/winget-pkgs/tree/master/manifests/t/TeamSpeakSystems/TeamSpeakClient","Existing catalog metadata; not revalidated in this audit","2026-10-01"
"AnyDesk","Communication","winutil_anydesk","WinGet","AnyDesk.AnyDesk","https://ninite.com/; https://patchmypc.com/product/home-updater/","Curated popular-request catalog; installation signal, not daily active users; Common-app support catalog; availability signal only","Recurring use for a relevant audience is an editorial inference; daily active users not established","Already covered","Present","Present","Remote Access","https://raw.githubusercontent.com/microsoft/winget-pkgs/master/manifests/a/AnyDesk/AnyDesk/9.7.15/AnyDesk.AnyDesk.locale.en-US.yaml","WinGet manifest","2026-10-01"
"TeamViewer","Communication","winutil_teamviewer","WinGet","TeamViewer.TeamViewer","https://ninite.com/; https://patchmypc.com/product/home-updater/","Curated popular-request catalog; installation signal, not daily active users; Common-app support catalog; availability signal only","Recurring use for a relevant audience is an editorial inference; daily active users not established","Already covered","Present","Present","Remote Access","https://raw.githubusercontent.com/microsoft/winget-pkgs/master/manifests/t/TeamViewer/TeamViewer/15.81.6/TeamViewer.TeamViewer.locale.en-US.yaml","WinGet manifest","2026-10-01"
"RustDesk","Communication","rustdesk","Guided","","https://patchmypc.com/product/home-updater/","Common-app support catalog; availability signal only","Recurring use for a relevant audience is an editorial inference; daily active users not established","Already covered","Present","Present","Remote Access","https://rustdesk.com/","Existing catalog metadata; not revalidated in this audit","2026-10-01"
"Parsec","Communication","app22","WinGet","Parsec.Parsec","https://github.com/microsoft/winget-pkgs/tree/master/manifests/p/Parsec/Parsec","Publisher/catalog availability only; usage not quantified","Recurring use for a relevant audience is an editorial inference; daily active users not established","Already covered","Present","Present","Remote Access","https://github.com/microsoft/winget-pkgs/tree/master/manifests/p/Parsec/Parsec","Existing catalog metadata; not revalidated in this audit","2026-10-01"
"Microsoft 365","Office and productivity","daily_microsoft_365","Guided","","https://www.okta.com/sites/default/files/2024-04/Okta%20SMB%20Report%202024.pdf","2024 enterprise adoption; not daily active users","Recurring use for a relevant audience is an editorial inference; daily active users not established","High","Missing","Added","Office & PDFs","https://support.microsoft.com/en-us/office/lifecycle/officeinstall/download-install-or-reinstall-microsoft-365-or-office-2024-on-a-pc-or-mac","Official page reachable","2026-10-01"
"Outlook for Windows","Office and productivity","daily_outlook_for_windows","Guided","","https://www.microsoft.com/en-us/store/most-popular/apps/pc","Store popularity snapshot; not daily active users","Recurring use for a relevant audience is an editorial inference; daily active users not established","High","Missing","Added","Chat & Email","https://www.microsoft.com/en-us/microsoft-365/outlook/outlook-for-windows","Official page identified; automated fetch blocked: HTTP Error 403: Forbidden","2026-10-01"
"OneNote","Office and productivity","daily_onenote","Guided","","https://www.onenote.com/download","Publisher/catalog availability only; usage not quantified","Recurring use for a relevant audience is an editorial inference; daily active users not established","High","Missing","Added","Notes & Tasks","https://www.onenote.com/download","Official page reachable","2026-10-01"
"Microsoft To Do","Office and productivity","daily_microsoft_to_do","Guided","","https://to-do.microsoft.com/tasks/","Publisher/catalog availability only; usage not quantified","Recurring use for a relevant audience is an editorial inference; daily active users not established","High","Missing","Added","Notes & Tasks","https://to-do.microsoft.com/tasks/","Official page identified; automated fetch blocked: HTTP Error 417: Expectation Failed","2026-10-01"
"LibreOffice","Office and productivity","extra_libreoffice","WinGet","TheDocumentFoundation.LibreOffice","https://ninite.com/; https://packagepicker.co/stats; https://patchmypc.com/product/home-updater/","Curated popular-request catalog; installation signal, not daily active users; Selection/install counts from one small self-selected service; not global usage; Common-app support catalog; availability signal only","Recurring use for a relevant audience is an editorial inference; daily active users not established","Already covered","Present","Present","Office & PDFs","https://raw.githubusercontent.com/microsoft/winget-pkgs/master/manifests/t/TheDocumentFoundation/LibreOffice/26.8.0.3/TheDocumentFoundation.LibreOffice.locale.en-US.yaml","Existing catalog metadata; not revalidated in this audit","2026-10-01"
"ONLYOFFICE Desktop","Office and productivity","extra_onlyoffice","WinGet","ONLYOFFICE.DesktopEditors","https://patchmypc.com/product/home-updater/","Common-app support catalog; availability signal only","Recurring use for a relevant audience is an editorial inference; daily active users not established","Already covered","Present","Present","Office & PDFs","https://raw.githubusercontent.com/microsoft/winget-pkgs/master/manifests/o/ONLYOFFICE/DesktopEditors/9.4.0/ONLYOFFICE.DesktopEditors.locale.en-US.yaml","Existing catalog metadata; not revalidated in this audit","2026-10-01"
"Notion","Office and productivity","daily_notion","WinGet","Notion.Notion","https://packagepicker.co/stats; https://patchmypc.com/product/home-updater/; https://survey.stackoverflow.co/2025/technology","Selection/install counts from one small self-selected service; not global usage; Common-app support catalog; availability signal only; Developer survey; regular/past-year usage, not all Windows users","Recurring use for a relevant audience is an editorial inference; daily active users not established","High","Missing","Added","Notes & Tasks","https://raw.githubusercontent.com/microsoft/winget-pkgs/master/manifests/n/Notion/Notion/7.36.1/Notion.Notion.installer.yaml","WinGet manifest; installation untested","2026-10-01"
"Obsidian","Office and productivity","winutil_obsidian","WinGet","Obsidian.Obsidian","https://packagepicker.co/stats; https://patchmypc.com/product/home-updater/; https://survey.stackoverflow.co/2025/technology","Selection/install counts from one small self-selected service; not global usage; Common-app support catalog; availability signal only; Developer survey; regular/past-year usage, not all Windows users","Recurring use for a relevant audience is an editorial inference; daily active users not established","Already covered","Present","Present","Notes & Tasks","https://raw.githubusercontent.com/microsoft/winget-pkgs/master/manifests/o/Obsidian/Obsidian/1.13.7/Obsidian.Obsidian.locale.en-US.yaml","WinGet manifest","2026-10-01"
"Joplin","Office and productivity","extra_joplin","WinGet","Joplin.Joplin","https://patchmypc.com/product/home-updater/","Common-app support catalog; availability signal only","Recurring use for a relevant audience is an editorial inference; daily active users not established","Already covered","Present","Present","Notes & Tasks","https://raw.githubusercontent.com/microsoft/winget-pkgs/master/manifests/j/Joplin/Joplin/3.7.18/Joplin.Joplin.locale.en-US.yaml","Existing catalog metadata; not revalidated in this audit","2026-10-01"
"Evernote","Office and productivity","daily_evernote","WinGet","Evernote.Evernote","https://ninite.com/; https://patchmypc.com/product/home-updater/","Curated popular-request catalog; installation signal, not daily active users; Common-app support catalog; availability signal only","Recurring use for a relevant audience is an editorial inference; daily active users not established","Audience-specific","Missing","Added","Notes & Tasks","https://raw.githubusercontent.com/microsoft/winget-pkgs/master/manifests/e/Evernote/Evernote/11.36.3/Evernote.Evernote.installer.yaml","WinGet manifest; installation untested","2026-10-01"
"Todoist","Office and productivity","daily_todoist","WinGet","Doist.Todoist","https://patchmypc.com/product/home-updater/","Common-app support catalog; availability signal only","Recurring use for a relevant audience is an editorial inference; daily active users not established","High","Missing","Added","Notes & Tasks","https://raw.githubusercontent.com/microsoft/winget-pkgs/master/manifests/d/Doist/Todoist/9.30.0/Doist.Todoist.installer.yaml","WinGet manifest; installation untested","2026-10-01"
"TickTick","Office and productivity","daily_ticktick","WinGet","Appest.TickTick","https://www.ticktick.com/","Publisher/catalog availability only; usage not quantified","Recurring use for a relevant audience is an editorial inference; daily active users not established","Audience-specific","Missing","Added","Notes & Tasks","https://raw.githubusercontent.com/microsoft/winget-pkgs/master/manifests/a/Appest/TickTick/8.2.1.5/Appest.TickTick.installer.yaml","WinGet manifest; installation untested","2026-10-01"
"Adobe Acrobat Reader","Office and productivity","winutil_adobe","WinGet","Adobe.Acrobat.Reader.64-bit","https://packagepicker.co/stats","Selection/install counts from one small self-selected service; not global usage","Recurring use for a relevant audience is an editorial inference; daily active users not established","Already covered","Present","Present","Office & PDFs","https://raw.githubusercontent.com/microsoft/winget-pkgs/master/manifests/a/Adobe/Acrobat/Reader/64-bit/26.002.21901/Adobe.Acrobat.Reader.64-bit.locale.en-US.yaml","WinGet manifest","2026-10-01"
"Foxit PDF Reader","Office and productivity","winutil_foxpdfreader","WinGet","Foxit.FoxitReader","https://patchmypc.com/product/home-updater/","Common-app support catalog; availability signal only","Recurring use for a relevant audience is an editorial inference; daily active users not established","Already covered","Present","Present","Office & PDFs","https://raw.githubusercontent.com/microsoft/winget-pkgs/master/manifests/f/Foxit/FoxitReader/2026.2.0.39747/Foxit.FoxitReader.locale.en-US.yaml","WinGet manifest","2026-10-01"
"Sumatra PDF","Office and productivity","extra_sumatra","WinGet","SumatraPDF.SumatraPDF","https://ninite.com/","App listing or installer selections; not daily active users","Recurring use for a relevant audience is an editorial inference; daily active users not established","Already covered","Present","Present","Office & PDFs","https://raw.githubusercontent.com/microsoft/winget-pkgs/master/manifests/s/SumatraPDF/SumatraPDF/3.6/SumatraPDF.SumatraPDF.locale.en-US.yaml","Existing catalog metadata; not revalidated in this audit","2026-10-01"
"PDF-XChange Editor","Office and productivity","winutil_pdf-xchange","WinGet","TrackerSoftware.PDF-XChangeEditor","https://patchmypc.com/product/home-updater/","Common-app support catalog; availability signal only","Recurring use for a relevant audience is an editorial inference; daily active users not established","Already covered","Present","Present","Office & PDFs","https://raw.githubusercontent.com/microsoft/winget-pkgs/master/manifests/t/TrackerSoftware/PDF-XChangeEditor/11.0.1.0/TrackerSoftware.PDF-XChangeEditor.locale.en-US.yaml","WinGet manifest","2026-10-01"
"PDF24 Creator","Office and productivity","winutil_pdf24creator","WinGet","geeksoftwareGmbH.PDF24Creator","https://patchmypc.com/product/home-updater/","Common-app support catalog; availability signal only","Recurring use for a relevant audience is an editorial inference; daily active users not established","Already covered","Present","Present","Office & PDFs","https://raw.githubusercontent.com/microsoft/winget-pkgs/master/manifests/g/geeksoftwareGmbH/PDF24Creator/11.30.1/geeksoftwareGmbH.PDF24Creator.locale.en-US.yaml","WinGet manifest","2026-10-01"
"PDFgear","Office and productivity","winutil_pdfgear","WinGet","PDFgear.PDFgear","https://www.pdfgear.com/","Publisher/catalog availability only; usage not quantified","Recurring use for a relevant audience is an editorial inference; daily active users not established","Already covered","Present","Present","Office & PDFs","https://raw.githubusercontent.com/microsoft/winget-pkgs/master/manifests/p/PDFgear/PDFgear/2.1.20/PDFgear.PDFgear.locale.en-US.yaml","WinGet manifest","2026-10-01"
"PDFsam Basic","Office and productivity","winutil_pdfsam","WinGet","PDFsam.PDFsam","https://patchmypc.com/product/home-updater/","Common-app support catalog; availability signal only","Recurring use for a relevant audience is an editorial inference; daily active users not established","Already covered","Present","Present","Office & PDFs","https://raw.githubusercontent.com/microsoft/winget-pkgs/master/manifests/p/PDFsam/PDFsam/6.0.5.0/PDFsam.PDFsam.locale.en-US.yaml","WinGet manifest","2026-10-01"
"NAPS2","Office and productivity","extra_naps2","WinGet","Cyanfish.NAPS2","https://patchmypc.com/product/home-updater/","Common-app support catalog; availability signal only","Recurring use for a relevant audience is an editorial inference; daily active users not established","Already covered","Present","Present","Office & PDFs","https://raw.githubusercontent.com/microsoft/winget-pkgs/master/manifests/c/Cyanfish/NAPS2/8.3.2/Cyanfish.NAPS2.locale.en-US.yaml","Existing catalog metadata; not revalidated in this audit","2026-10-01"
"Calibre","Office and productivity","extra_calibre","WinGet","calibre.calibre","https://patchmypc.com/product/home-updater/","Common-app support catalog; availability signal only","Recurring use for a relevant audience is an editorial inference; daily active users not established","Already covered","Present","Present","Office & PDFs","https://raw.githubusercontent.com/microsoft/winget-pkgs/master/manifests/c/calibre/calibre/9.14.0/calibre.calibre.locale.en-US.yaml","Existing catalog metadata; not revalidated in this audit","2026-10-01"
"Zotero","Office and productivity","extra_zotero","WinGet","DigitalScholar.Zotero","https://patchmypc.com/product/home-updater/","Common-app support catalog; availability signal only","Recurring use for a relevant audience is an editorial inference; daily active users not established","Already covered","Present","Present","Office & PDFs","https://raw.githubusercontent.com/microsoft/winget-pkgs/master/manifests/d/DigitalScholar/Zotero/10.0/DigitalScholar.Zotero.locale.en-US.yaml","Existing catalog metadata; not revalidated in this audit","2026-10-01"
"Mendeley Reference Manager","Office and productivity","daily_mendeley_reference_manager","Guided","","https://patchmypc.com/product/home-updater/","Common-app support catalog; availability signal only","Recurring use for a relevant audience is an editorial inference; daily active users not established","Audience-specific","Missing","Added","Office & PDFs","https://www.mendeley.com/download-reference-manager/windows","Official page identified; automated fetch blocked: HTTP Error 403: Forbidden","2026-10-01"
"Grammarly","Office and productivity","daily_grammarly","WinGet","Grammarly.Grammarly","https://patchmypc.com/product/home-updater/","Common-app support catalog; availability signal only","Recurring use for a relevant audience is an editorial inference; daily active users not established","Audience-specific","Missing","Added","Office & PDFs","https://raw.githubusercontent.com/microsoft/winget-pkgs/master/manifests/g/Grammarly/Grammarly/1.2.299.1961/Grammarly.Grammarly.installer.yaml","WinGet manifest; installation untested","2026-10-01"
"draw.io","Office and productivity","daily_draw_io","WinGet","JGraph.Draw","https://patchmypc.com/product/home-updater/","Common-app support catalog; availability signal only","Recurring use for a relevant audience is an editorial inference; daily active users not established","Audience-specific","Missing","Added","Office & PDFs","https://raw.githubusercontent.com/microsoft/winget-pkgs/master/manifests/j/JGraph/Draw/31.5.3/JGraph.Draw.installer.yaml","WinGet manifest; installation untested","2026-10-01"
"Spotify","Audio and video","daily_spotify","WinGet","Spotify.Spotify","https://ninite.com/; https://packagepicker.co/stats; https://newsroom.spotify.com/2026-04-28/spotify-q1-2026-earnings/","Curated popular-request catalog; installation signal, not daily active users; Selection/install counts from one small self-selected service; not global usage; Global monthly active users across platforms; Windows daily usage not measured","Recurring use for a relevant audience is an editorial inference; daily active users not established","High","Missing","Added","Media Players","https://raw.githubusercontent.com/microsoft/winget-pkgs/master/manifests/s/Spotify/Spotify/1.3.3.264.gdaf3b824/Spotify.Spotify.installer.yaml","WinGet manifest; installation untested","2026-10-01"
"VLC","Audio and video","extra_vlc","WinGet","VideoLAN.VLC","https://ninite.com/; https://packagepicker.co/stats; https://patchmypc.com/product/home-updater/","Curated popular-request catalog; installation signal, not daily active users; Selection/install counts from one small self-selected service; not global usage; Common-app support catalog; availability signal only","Recurring use for a relevant audience is an editorial inference; daily active users not established","Already covered","Present","Present","Media Players","https://raw.githubusercontent.com/microsoft/winget-pkgs/master/manifests/v/VideoLAN/VLC/3.0.23/VideoLAN.VLC.locale.en-US.yaml","Existing catalog metadata; not revalidated in this audit","2026-10-01"
"iTunes","Audio and video","winutil_itunes","WinGet","Apple.iTunes","https://ninite.com/; https://packagepicker.co/stats","Curated popular-request catalog; installation signal, not daily active users; Selection/install counts from one small self-selected service; not global usage","Recurring use for a relevant audience is an editorial inference; daily active users not established","Already covered","Present","Present","Media Players","https://raw.githubusercontent.com/microsoft/winget-pkgs/master/manifests/a/Apple/iTunes/12.13.11.1/Apple.iTunes.locale.en-US.yaml","WinGet manifest","2026-10-01"
"Apple Music","Audio and video","daily_apple_music","Guided","","https://www.worktime.com/pdf/worktime-computer-usage-statistics-2026.pdf","Observed employee activity in a limited 2024–2025 sample; not global usage","Recurring use for a relevant audience is an editorial inference; daily active users not established","Audience-specific","Missing","Added","Media Players","https://apps.microsoft.com/detail/9pfhdd62mxs1","Official page reachable","2026-10-01"
"MusicBee","Audio and video","daily_musicbee","Guided","","https://ninite.com/; https://patchmypc.com/product/home-updater/","Curated popular-request catalog; installation signal, not daily active users; Common-app support catalog; availability signal only","Recurring use for a relevant audience is an editorial inference; daily active users not established","Audience-specific","Missing","Added","Media Players","https://getmusicbee.com/downloads/","Official page reachable","2026-10-01"
"foobar2000","Audio and video","app10","WinGet","PeterPawlowski.foobar2000","https://ninite.com/; https://packagepicker.co/stats; https://patchmypc.com/product/home-updater/","Curated popular-request catalog; installation signal, not daily active users; Selection/install counts from one small self-selected service; not global usage; Common-app support catalog; availability signal only","Recurring use for a relevant audience is an editorial inference; daily active users not established","Already covered","Present","Present","Media Players","https://github.com/microsoft/winget-pkgs/tree/master/manifests/p/PeterPawlowski/foobar2000","Existing catalog metadata; not revalidated in this audit","2026-10-01"
"AIMP (Music Player)","Audio and video","winutil_aimp","WinGet","AIMP.AIMP","https://ninite.com/; https://patchmypc.com/product/home-updater/","Curated popular-request catalog; installation signal, not daily active users; Common-app support catalog; availability signal only","Recurring use for a relevant audience is an editorial inference; daily active users not established","Already covered","Present","Present","Media Players","https://raw.githubusercontent.com/microsoft/winget-pkgs/master/manifests/a/AIMP/AIMP/5.10.2418/AIMP.AIMP.locale.en-US.yaml","WinGet manifest","2026-10-01"
"MediaMonkey","Audio and video","daily_mediamonkey","Guided","","https://ninite.com/; https://patchmypc.com/product/home-updater/","Curated popular-request catalog; installation signal, not daily active users; Common-app support catalog; availability signal only","Recurring use for a relevant audience is an editorial inference; daily active users not established","Audience-specific","Missing","Added","Media Players","https://www.mediamonkey.com/download","Official page reachable","2026-10-01"
"PotPlayer","Audio and video","app23","WinGet","Daum.PotPlayer","https://patchmypc.com/product/home-updater/","Common-app support catalog; availability signal only","Recurring use for a relevant audience is an editorial inference; daily active users not established","Already covered","Present","Present","Media Players","https://github.com/microsoft/winget-pkgs/tree/master/manifests/d/Daum/PotPlayer","Existing catalog metadata; not revalidated in this audit","2026-10-01"
"MPC-HC","Audio and video","extra_mpchc","WinGet","clsid2.mpc-hc","https://packagepicker.co/stats; https://patchmypc.com/product/home-updater/","Selection/install counts from one small self-selected service; not global usage; Common-app support catalog; availability signal only","Recurring use for a relevant audience is an editorial inference; daily active users not established","Already covered","Present","Present","Media Players","https://raw.githubusercontent.com/microsoft/winget-pkgs/master/manifests/c/clsid2/mpc-hc/2.8.1/clsid2.mpc-hc.locale.en-US.yaml","Existing catalog metadata; not revalidated in this audit","2026-10-01"
"Kodi","Audio and video","extra_kodi","WinGet","XBMCFoundation.Kodi","https://patchmypc.com/product/home-updater/","Common-app support catalog; availability signal only","Recurring use for a relevant audience is an editorial inference; daily active users not established","Already covered","Present","Present","Media Players","https://raw.githubusercontent.com/microsoft/winget-pkgs/master/manifests/x/XBMCFoundation/Kodi/21.3.0.0/XBMCFoundation.Kodi.locale.en-US.yaml","Existing catalog metadata; not revalidated in this audit","2026-10-01"
"Plex Desktop","Audio and video","winutil_plexdesktop","WinGet","Plex.Plex","https://www.plex.tv","Publisher/catalog availability only; usage not quantified","Recurring use for a relevant audience is an editorial inference; daily active users not established","Already covered","Present","Present","Media Players","https://raw.githubusercontent.com/microsoft/winget-pkgs/master/manifests/p/Plex/Plex/1.115.0/Plex.Plex.locale.en-US.yaml","WinGet manifest","2026-10-01"
"Jellyfin Media Player","Audio and video","winutil_jellyfinmediaplayer","WinGet","Jellyfin.JellyfinMediaPlayer","https://jellyfin.org/","Publisher/catalog availability only; usage not quantified","Recurring use for a relevant audience is an editorial inference; daily active users not established","Already covered","Present","Present","Media Players","https://raw.githubusercontent.com/microsoft/winget-pkgs/master/manifests/j/Jellyfin/JellyfinMediaPlayer/1.12.0/Jellyfin.JellyfinMediaPlayer.locale.en-US.yaml","WinGet manifest","2026-10-01"
"OBS Studio","Audio and video","app11","WinGet","OBSProject.OBSStudio","https://patchmypc.com/product/home-updater/","Common-app support catalog; availability signal only","Recurring use for a relevant audience is an editorial inference; daily active users not established","Already covered","Present","Present","Capture & Streaming","https://github.com/microsoft/winget-pkgs/tree/master/manifests/o/OBSProject/OBSStudio","Existing catalog metadata; not revalidated in this audit","2026-10-01"
"Audacity","Audio and video","extra_audacity","WinGet","Audacity.Audacity","https://ninite.com/; https://packagepicker.co/stats; https://patchmypc.com/product/home-updater/","Curated popular-request catalog; installation signal, not daily active users; Selection/install counts from one small self-selected service; not global usage; Common-app support catalog; availability signal only","Recurring use for a relevant audience is an editorial inference; daily active users not established","Already covered","Present","Present","Audio Production","https://raw.githubusercontent.com/microsoft/winget-pkgs/master/manifests/a/Audacity/Audacity/4.0.0.262451524/Audacity.Audacity.locale.en-US.yaml","Existing catalog metadata; not revalidated in this audit","2026-10-01"
"HandBrake","Audio and video","extra_handbrake","WinGet","HandBrake.HandBrake","https://ninite.com/; https://packagepicker.co/stats; https://patchmypc.com/product/home-updater/","Curated popular-request catalog; installation signal, not daily active users; Selection/install counts from one small self-selected service; not global usage; Common-app support catalog; availability signal only","Recurring use for a relevant audience is an editorial inference; daily active users not established","Already covered","Present","Present","Video Editing","https://raw.githubusercontent.com/microsoft/winget-pkgs/master/manifests/h/HandBrake/HandBrake/1.11.2/HandBrake.HandBrake.locale.en-US.yaml","Existing catalog metadata; not revalidated in this audit","2026-10-01"
"FFmpeg","Audio and video","daily_ffmpeg","WinGet","Gyan.FFmpeg","https://packagepicker.co/stats; https://patchmypc.com/product/home-updater/","Selection/install counts from one small self-selected service; not global usage; Common-app support catalog; availability signal only","Recurring use for a relevant audience is an editorial inference; daily active users not established","Audience-specific","Missing","Added","Video Editing","https://raw.githubusercontent.com/microsoft/winget-pkgs/master/manifests/g/Gyan/FFmpeg/9.0.2/Gyan.FFmpeg.installer.yaml","WinGet manifest; installation untested","2026-10-01"
"DaVinci Resolve","Audio and video","resolve","Guided","","https://patchmypc.com/product/home-updater/","Common-app support catalog; availability signal only","Recurring use for a relevant audience is an editorial inference; daily active users not established","Already covered","Present","Present","Video Editing","https://www.blackmagicdesign.com/products/davinciresolve","Existing catalog metadata; not revalidated in this audit","2026-10-01"
"Shotcut","Audio and video","daily_shotcut","WinGet","Meltytech.Shotcut","https://patchmypc.com/product/home-updater/","Common-app support catalog; availability signal only","Recurring use for a relevant audience is an editorial inference; daily active users not established","Audience-specific","Missing","Added","Video Editing","https://raw.githubusercontent.com/microsoft/winget-pkgs/master/manifests/m/Meltytech/Shotcut/26.9.27/Meltytech.Shotcut.installer.yaml","WinGet manifest; installation untested","2026-10-01"
"Kdenlive","Audio and video","daily_kdenlive","WinGet","KDE.Kdenlive","https://patchmypc.com/product/home-updater/","Common-app support catalog; availability signal only","Recurring use for a relevant audience is an editorial inference; daily active users not established","Audience-specific","Missing","Added","Video Editing","https://raw.githubusercontent.com/microsoft/winget-pkgs/master/manifests/k/KDE/Kdenlive/26.08.1/KDE.Kdenlive.installer.yaml","WinGet manifest; installation untested","2026-10-01"
"OpenShot","Audio and video","daily_openshot","WinGet","OpenShot.OpenShot","https://patchmypc.com/product/home-updater/","Common-app support catalog; availability signal only","Recurring use for a relevant audience is an editorial inference; daily active users not established","Audience-specific","Missing","Added","Video Editing","https://raw.githubusercontent.com/microsoft/winget-pkgs/master/manifests/o/OpenShot/OpenShot/4.0.1/OpenShot.OpenShot.installer.yaml","WinGet manifest; installation untested","2026-10-01"
"LosslessCut","Audio and video","daily_losslesscut","Guided","","https://patchmypc.com/product/home-updater/","Common-app support catalog; availability signal only","Recurring use for a relevant audience is an editorial inference; daily active users not established","Audience-specific","Missing","Added","Video Editing","https://github.com/mifi/lossless-cut/releases","Official page reachable","2026-10-01"
"REAPER","Audio and video","app25","WinGet","Cockos.REAPER","https://github.com/microsoft/winget-pkgs/tree/master/manifests/c/Cockos/REAPER","Publisher/catalog availability only; usage not quantified","Recurring use for a relevant audience is an editorial inference; daily active users not established","Already covered","Present","Present","Audio Production","https://github.com/microsoft/winget-pkgs/tree/master/manifests/c/Cockos/REAPER","Existing catalog metadata; not revalidated in this audit","2026-10-01"
"FL Studio","Audio and video","flstudio","Guided","","https://www.image-line.com/fl-studio/download","Publisher/catalog availability only; usage not quantified","Recurring use for a relevant audience is an editorial inference; daily active users not established","Already covered","Present","Present","Audio Production","https://www.image-line.com/fl-studio/download","Existing catalog metadata; not revalidated in this audit","2026-10-01"
"MuseScore Studio","Audio and video","daily_musescore_studio","Guided","","https://patchmypc.com/product/home-updater/","Common-app support catalog; availability signal only","Recurring use for a relevant audience is an editorial inference; daily active users not established","Audience-specific","Missing","Added","Audio Production","https://musescore.org/en/download","Official page reachable","2026-10-01"
"Adobe Creative Cloud","Design and creation","daily_adobe_creative_cloud","Guided","","https://www.adobe.com/creativecloud.html","Publisher suite availability; individual usage not quantified","Recurring use for a relevant audience is an editorial inference; daily active users not established","High","Missing","Added","Design & Photography","https://creativecloud.adobe.com/apps/download/creative-cloud","Official page identified; automated fetch blocked: The read operation timed out","2026-10-01"
"Adobe Photoshop","Design and creation","daily_adobe_creative_cloud","Guided","","https://www.adobe.com/creativecloud.html","Publisher suite availability; individual usage not quantified","Recurring use for a relevant audience is an editorial inference; daily active users not established","Audience-specific","Missing","Covered by suite","Design & Photography","https://creativecloud.adobe.com/apps/download/creative-cloud","Official page identified; automated fetch blocked: The read operation timed out","2026-10-01"
"Adobe Illustrator","Design and creation","daily_adobe_creative_cloud","Guided","","https://www.adobe.com/creativecloud.html","Publisher suite availability; individual usage not quantified","Recurring use for a relevant audience is an editorial inference; daily active users not established","Audience-specific","Missing","Covered by suite","Design & Photography","https://creativecloud.adobe.com/apps/download/creative-cloud","Official page identified; automated fetch blocked: The read operation timed out","2026-10-01"
"Adobe Lightroom","Design and creation","daily_adobe_creative_cloud","Guided","","https://www.adobe.com/creativecloud.html","Publisher suite availability; individual usage not quantified","Recurring use for a relevant audience is an editorial inference; daily active users not established","Audience-specific","Missing","Covered by suite","Design & Photography","https://creativecloud.adobe.com/apps/download/creative-cloud","Official page identified; automated fetch blocked: The read operation timed out","2026-10-01"
"Adobe Premiere Pro","Design and creation","daily_adobe_creative_cloud","Guided","","https://www.adobe.com/creativecloud.html","Publisher suite availability; individual usage not quantified","Recurring use for a relevant audience is an editorial inference; daily active users not established","Audience-specific","Missing","Covered by suite","Design & Photography","https://creativecloud.adobe.com/apps/download/creative-cloud","Official page identified; automated fetch blocked: The read operation timed out","2026-10-01"
"Adobe After Effects","Design and creation","daily_adobe_creative_cloud","Guided","","https://www.adobe.com/creativecloud.html","Publisher suite availability; individual usage not quantified","Recurring use for a relevant audience is an editorial inference; daily active users not established","Audience-specific","Missing","Covered by suite","Design & Photography","https://creativecloud.adobe.com/apps/download/creative-cloud","Official page identified; automated fetch blocked: The read operation timed out","2026-10-01"
"Adobe InDesign","Design and creation","daily_adobe_creative_cloud","Guided","","https://www.adobe.com/creativecloud.html","Publisher suite availability; individual usage not quantified","Recurring use for a relevant audience is an editorial inference; daily active users not established","Audience-specific","Missing","Covered by suite","Design & Photography","https://creativecloud.adobe.com/apps/download/creative-cloud","Official page identified; automated fetch blocked: The read operation timed out","2026-10-01"
"Adobe Audition","Design and creation","daily_adobe_creative_cloud","Guided","","https://www.adobe.com/creativecloud.html","Publisher suite availability; individual usage not quantified","Recurring use for a relevant audience is an editorial inference; daily active users not established","Audience-specific","Missing","Covered by suite","Design & Photography","https://creativecloud.adobe.com/apps/download/creative-cloud","Official page identified; automated fetch blocked: The read operation timed out","2026-10-01"
"Affinity","Design and creation","affinity","Guided","","https://www.affinity.studio/","Publisher/catalog availability only; usage not quantified","Recurring use for a relevant audience is an editorial inference; daily active users not established","Already covered","Present","Present","Design & Photography","https://www.affinity.studio/","Official website","2026-10-01"
"Canva","Design and creation","daily_canva","WinGet","Canva.Canva","https://patchmypc.com/product/home-updater/","Common-app support catalog; availability signal only","Recurring use for a relevant audience is an editorial inference; daily active users not established","High","Missing","Added","Design & Photography","https://raw.githubusercontent.com/microsoft/winget-pkgs/master/manifests/c/Canva/Canva/1.126.0/Canva.Canva.installer.yaml","WinGet manifest; installation untested","2026-10-01"
"Figma","Design and creation","daily_figma","WinGet","Figma.Figma","https://packagepicker.co/stats; https://patchmypc.com/product/home-updater/","Selection/install counts from one small self-selected service; not global usage; Common-app support catalog; availability signal only","Recurring use for a relevant audience is an editorial inference; daily active users not established","High","Missing","Added","Design & Photography","https://raw.githubusercontent.com/microsoft/winget-pkgs/master/manifests/f/Figma/Figma/126.9.10/Figma.Figma.installer.yaml","WinGet manifest; installation untested","2026-10-01"
"GIMP","Design and creation","extra_gimp","WinGet","GIMP.GIMP.3","https://ninite.com/; https://packagepicker.co/stats; https://patchmypc.com/product/home-updater/","Curated popular-request catalog; installation signal, not daily active users; Selection/install counts from one small self-selected service; not global usage; Common-app support catalog; availability signal only","Recurring use for a relevant audience is an editorial inference; daily active users not established","Already covered","Present","Present","Design & Photography","https://raw.githubusercontent.com/microsoft/winget-pkgs/master/manifests/g/GIMP/GIMP/3/3.2.6.0/GIMP.GIMP.3.locale.en-US.yaml","Existing catalog metadata; not revalidated in this audit","2026-10-01"
"Krita","Design and creation","daily_krita","WinGet","KDE.Krita","https://ninite.com/; https://packagepicker.co/stats; https://patchmypc.com/product/home-updater/","Curated popular-request catalog; installation signal, not daily active users; Selection/install counts from one small self-selected service; not global usage; Common-app support catalog; availability signal only","Recurring use for a relevant audience is an editorial inference; daily active users not established","High","Missing","Added","Design & Photography","https://raw.githubusercontent.com/microsoft/winget-pkgs/master/manifests/k/KDE/Krita/5.3.4.0/KDE.Krita.installer.yaml","WinGet manifest; installation untested","2026-10-01"
"Inkscape","Design and creation","daily_inkscape","WinGet","Inkscape.Inkscape","https://ninite.com/; https://packagepicker.co/stats; https://patchmypc.com/product/home-updater/","Curated popular-request catalog; installation signal, not daily active users; Selection/install counts from one small self-selected service; not global usage; Common-app support catalog; availability signal only","Recurring use for a relevant audience is an editorial inference; daily active users not established","High","Missing","Added","Design & Photography","https://raw.githubusercontent.com/microsoft/winget-pkgs/master/manifests/i/Inkscape/Inkscape/1.4.4/Inkscape.Inkscape.installer.yaml","WinGet manifest; installation untested","2026-10-01"
"Paint.NET","Design and creation","winutil_paintdotnet","WinGet","dotPDN.PaintDotNet","https://ninite.com/; https://packagepicker.co/stats; https://patchmypc.com/product/home-updater/","Curated popular-request catalog; installation signal, not daily active users; Selection/install counts from one small self-selected service; not global usage; Common-app support catalog; availability signal only","Recurring use for a relevant audience is an editorial inference; daily active users not established","Already covered","Present","Present","Design & Photography","https://raw.githubusercontent.com/microsoft/winget-pkgs/master/manifests/d/dotPDN/PaintDotNet/5.1.12/dotPDN.PaintDotNet.locale.en-US.yaml","WinGet manifest","2026-10-01"
"Blender","Design and creation","extra_blender","WinGet","BlenderFoundation.Blender","https://ninite.com/; https://packagepicker.co/stats; https://patchmypc.com/product/home-updater/","Curated popular-request catalog; installation signal, not daily active users; Selection/install counts from one small self-selected service; not global usage; Common-app support catalog; availability signal only","Recurring use for a relevant audience is an editorial inference; daily active users not established","Already covered","Present","Present","3D & CAD","https://raw.githubusercontent.com/microsoft/winget-pkgs/master/manifests/b/BlenderFoundation/Blender/5.2.1/BlenderFoundation.Blender.locale.en-US.yaml","Existing catalog metadata; not revalidated in this audit","2026-10-01"
"FreeCAD","Design and creation","daily_freecad","WinGet","FreeCAD.FreeCAD","https://patchmypc.com/product/home-updater/","Common-app support catalog; availability signal only","Recurring use for a relevant audience is an editorial inference; daily active users not established","Audience-specific","Missing","Added","3D & CAD","https://raw.githubusercontent.com/microsoft/winget-pkgs/master/manifests/f/FreeCAD/FreeCAD/1.1.4/FreeCAD.FreeCAD.installer.yaml","WinGet manifest; installation untested","2026-10-01"
"Autodesk Fusion","Design and creation","fusion","Guided","","https://www.autodesk.com/products/fusion-360/overview","Publisher/catalog availability only; usage not quantified","Recurring use for a relevant audience is an editorial inference; daily active users not established","Already covered","Present","Present","3D & CAD","https://www.autodesk.com/products/fusion-360/overview","Existing catalog metadata; not revalidated in this audit","2026-10-01"
"SketchUp","Design and creation","daily_sketchup","Guided","","https://www.sketchup.com/en/download/all","Publisher/catalog availability only; usage not quantified","Recurring use for a relevant audience is an editorial inference; daily active users not established","Audience-specific","Missing","Added","3D & CAD","https://www.sketchup.com/en/download/all","Official page reachable","2026-10-01"
"darktable","Design and creation","daily_darktable","WinGet","darktable.darktable","https://patchmypc.com/product/home-updater/","Common-app support catalog; availability signal only","Recurring use for a relevant audience is an editorial inference; daily active users not established","Audience-specific","Missing","Added","Design & Photography","https://raw.githubusercontent.com/microsoft/winget-pkgs/master/manifests/d/darktable/darktable/5.6.1/darktable.darktable.installer.yaml","WinGet manifest; installation untested","2026-10-01"
"RawTherapee","Design and creation","daily_rawtherapee","WinGet","RawTherapee.RawTherapee","https://www.rawtherapee.com/downloads/","Publisher/catalog availability only; usage not quantified","Recurring use for a relevant audience is an editorial inference; daily active users not established","Audience-specific","Missing","Added","Design & Photography","https://raw.githubusercontent.com/microsoft/winget-pkgs/master/manifests/r/RawTherapee/RawTherapee/5.13/RawTherapee.RawTherapee.installer.yaml","WinGet manifest; installation untested","2026-10-01"
"IrfanView","Design and creation","winutil_irfanview","WinGet","IrfanSkiljan.IrfanView","https://ninite.com/; https://patchmypc.com/product/home-updater/","Curated popular-request catalog; installation signal, not daily active users; Common-app support catalog; availability signal only","Recurring use for a relevant audience is an editorial inference; daily active users not established","Already covered","Present","Present","Photo Viewers","https://raw.githubusercontent.com/microsoft/winget-pkgs/master/manifests/i/IrfanSkiljan/IrfanView/4.75/IrfanSkiljan.IrfanView.locale.en-US.yaml","WinGet manifest","2026-10-01"
"XnView MP","Design and creation","daily_xnview_mp","WinGet","XnSoft.XnViewMP","https://patchmypc.com/product/home-updater/","Common-app support catalog; availability signal only","Recurring use for a relevant audience is an editorial inference; daily active users not established","Audience-specific","Missing","Added","Photo Viewers","https://raw.githubusercontent.com/microsoft/winget-pkgs/master/manifests/x/XnSoft/XnViewMP/1.12.1.0/XnSoft.XnViewMP.installer.yaml","WinGet manifest; installation untested","2026-10-01"
"FastStone Image Viewer","Design and creation","daily_faststone_image_viewer","WinGet","FastStone.Viewer","https://ninite.com/; https://patchmypc.com/product/home-updater/","Curated popular-request catalog; installation signal, not daily active users; Common-app support catalog; availability signal only","Recurring use for a relevant audience is an editorial inference; daily active users not established","Audience-specific","Missing","Added","Photo Viewers","https://raw.githubusercontent.com/microsoft/winget-pkgs/master/manifests/f/FastStone/Viewer/8.5/FastStone.Viewer.installer.yaml","WinGet manifest; installation untested","2026-10-01"
"ImageGlass","Design and creation","extra_imageglass","WinGet","DuongDieuPhap.ImageGlass","https://patchmypc.com/product/home-updater/","Common-app support catalog; availability signal only","Recurring use for a relevant audience is an editorial inference; daily active users not established","Already covered","Present","Present","Photo Viewers","https://raw.githubusercontent.com/microsoft/winget-pkgs/master/manifests/d/DuongDieuPhap/ImageGlass/10.0.906.0/DuongDieuPhap.ImageGlass.locale.en-US.yaml","Existing catalog metadata; not revalidated in this audit","2026-10-01"
"7-Zip","Files and utilities","extra_7zip","WinGet","7zip.7zip","https://ninite.com/; https://patchmypc.com/product/home-updater/","Curated popular-request catalog; installation signal, not daily active users; Common-app support catalog; availability signal only","Recurring use for a relevant audience is an editorial inference; daily active users not established","Already covered","Present","Present","Files & Downloads","https://raw.githubusercontent.com/microsoft/winget-pkgs/master/manifests/7/7zip/7zip/26.03/7zip.7zip.locale.en-US.yaml","Existing catalog metadata; not revalidated in this audit","2026-10-01"
"WinRAR","Files and utilities","winutil_winrar","WinGet","RARLab.WinRAR","https://ninite.com/; https://packagepicker.co/stats; https://patchmypc.com/product/home-updater/","Curated popular-request catalog; installation signal, not daily active users; Selection/install counts from one small self-selected service; not global usage; Common-app support catalog; availability signal only","Recurring use for a relevant audience is an editorial inference; daily active users not established","Already covered","Present","Present","Files & Downloads","https://raw.githubusercontent.com/microsoft/winget-pkgs/master/manifests/r/RARLab/WinRAR/7.23.0/RARLab.WinRAR.locale.en-US.yaml","WinGet manifest","2026-10-01"
"PeaZip","Files and utilities","extra_peazip","WinGet","Giorgiotani.Peazip","https://ninite.com/; https://packagepicker.co/stats; https://patchmypc.com/product/home-updater/","Curated popular-request catalog; installation signal, not daily active users; Selection/install counts from one small self-selected service; not global usage; Common-app support catalog; availability signal only","Recurring use for a relevant audience is an editorial inference; daily active users not established","Already covered","Present","Present","Files & Downloads","https://raw.githubusercontent.com/microsoft/winget-pkgs/master/manifests/g/Giorgiotani/Peazip/11.2.0/Giorgiotani.Peazip.locale.en-US.yaml","Existing catalog metadata; not revalidated in this audit","2026-10-01"
"NanaZip","Files and utilities","app1","WinGet","M2Team.NanaZip","https://github.com/microsoft/winget-pkgs/tree/master/manifests/m/M2Team/NanaZip","Publisher/catalog availability only; usage not quantified","Recurring use for a relevant audience is an editorial inference; daily active users not established","Already covered","Present","Present","Files & Downloads","https://github.com/microsoft/winget-pkgs/tree/master/manifests/m/M2Team/NanaZip","Existing catalog metadata; not revalidated in this audit","2026-10-01"
"Everything","Files and utilities","app17","WinGet","voidtools.Everything","https://ninite.com/; https://packagepicker.co/stats; https://patchmypc.com/product/home-updater/","Curated popular-request catalog; installation signal, not daily active users; Selection/install counts from one small self-selected service; not global usage; Common-app support catalog; availability signal only","Recurring use for a relevant audience is an editorial inference; daily active users not established","Already covered","Present","Present","Files & Downloads","https://github.com/microsoft/winget-pkgs/tree/master/manifests/v/voidtools/Everything","Existing catalog metadata; not revalidated in this audit","2026-10-01"
"PowerToys","Files and utilities","extra_powertoys","WinGet","Microsoft.PowerToys","https://ninite.com/; https://packagepicker.co/stats; https://patchmypc.com/product/home-updater/","Curated popular-request catalog; installation signal, not daily active users; Selection/install counts from one small self-selected service; not global usage; Common-app support catalog; availability signal only","Recurring use for a relevant audience is an editorial inference; daily active users not established","Already covered","Present","Present","Windows Utilities","https://raw.githubusercontent.com/microsoft/winget-pkgs/master/manifests/m/Microsoft/PowerToys/0.101.2362.0/Microsoft.PowerToys.locale.en-US.yaml","Existing catalog metadata; not revalidated in this audit","2026-10-01"
"ShareX","Files and utilities","extra_sharex","WinGet","ShareX.ShareX","https://ninite.com/; https://patchmypc.com/product/home-updater/","Curated popular-request catalog; installation signal, not daily active users; Common-app support catalog; availability signal only","Recurring use for a relevant audience is an editorial inference; daily active users not established","Already covered","Present","Present","Capture & Streaming","https://raw.githubusercontent.com/microsoft/winget-pkgs/master/manifests/s/ShareX/ShareX/21.0.0/ShareX.ShareX.locale.en-US.yaml","Existing catalog metadata; not revalidated in this audit","2026-10-01"
"Greenshot","Files and utilities","daily_greenshot","WinGet","Greenshot.Greenshot","https://ninite.com/; https://patchmypc.com/product/home-updater/","Curated popular-request catalog; installation signal, not daily active users; Common-app support catalog; availability signal only","Recurring use for a relevant audience is an editorial inference; daily active users not established","Audience-specific","Missing","Added","Capture & Streaming","https://raw.githubusercontent.com/microsoft/winget-pkgs/master/manifests/g/Greenshot/Greenshot/1.3.315/Greenshot.Greenshot.installer.yaml","WinGet manifest; installation untested","2026-10-01"
"Lightshot","Files and utilities","daily_lightshot","Guided","","https://packagepicker.co/stats","Selection/install counts from one small self-selected service; not global usage","Recurring use for a relevant audience is an editorial inference; daily active users not established","Audience-specific","Missing","Added","Capture & Streaming","https://app.prntscr.com/en/download.html","Official page reachable","2026-10-01"
"Ditto","Files and utilities","daily_ditto","WinGet","Ditto.Ditto","https://patchmypc.com/product/home-updater/","Common-app support catalog; availability signal only","Recurring use for a relevant audience is an editorial inference; daily active users not established","Audience-specific","Missing","Added","Windows Utilities","https://raw.githubusercontent.com/microsoft/winget-pkgs/master/manifests/d/Ditto/Ditto/3.25.113.0/Ditto.Ditto.installer.yaml","WinGet manifest; installation untested","2026-10-01"
"WinSCP","Files and utilities","extra_winscp","WinGet","WinSCP.WinSCP","https://ninite.com/; https://packagepicker.co/stats; https://patchmypc.com/product/home-updater/","Curated popular-request catalog; installation signal, not daily active users; Selection/install counts from one small self-selected service; not global usage; Common-app support catalog; availability signal only","Recurring use for a relevant audience is an editorial inference; daily active users not established","Already covered","Present","Present","Files & Downloads","https://raw.githubusercontent.com/microsoft/winget-pkgs/master/manifests/w/WinSCP/WinSCP/6.5/WinSCP.WinSCP.locale.en-US.yaml","Existing catalog metadata; not revalidated in this audit","2026-10-01"
"FileZilla","Files and utilities","daily_filezilla","Guided","","https://ninite.com/; https://packagepicker.co/stats; https://patchmypc.com/product/home-updater/","Curated popular-request catalog; installation signal, not daily active users; Selection/install counts from one small self-selected service; not global usage; Common-app support catalog; availability signal only","Recurring use for a relevant audience is an editorial inference; daily active users not established","High","Missing","Added","Files & Downloads","https://filezilla-project.org/download.php?type=client","Official page identified; automated fetch blocked: HTTP Error 403: Forbidden","2026-10-01"
"Cyberduck","Files and utilities","daily_cyberduck","Guided","","https://patchmypc.com/product/home-updater/","Common-app support catalog; availability signal only","Recurring use for a relevant audience is an editorial inference; daily active users not established","Audience-specific","Missing","Added","Files & Downloads","https://cyberduck.io/download/","Official page reachable","2026-10-01"
"Free Download Manager","Files and utilities","daily_free_download_manager","WinGet","SoftDeluxe.FreeDownloadManager","https://patchmypc.com/product/home-updater/","Common-app support catalog; availability signal only","Recurring use for a relevant audience is an editorial inference; daily active users not established","Audience-specific","Missing","Added","Files & Downloads","https://raw.githubusercontent.com/microsoft/winget-pkgs/master/manifests/s/SoftDeluxe/FreeDownloadManager/6.35.1.7021/SoftDeluxe.FreeDownloadManager.installer.yaml","WinGet manifest; installation untested","2026-10-01"
"Internet Download Manager","Files and utilities","winutil_internetdownloadmanager","WinGet","Tonec.InternetDownloadManager","https://www.internetdownloadmanager.com/","Publisher/catalog availability only; usage not quantified","Recurring use for a relevant audience is an editorial inference; daily active users not established","Already covered","Present","Present","Files & Downloads","https://raw.githubusercontent.com/microsoft/winget-pkgs/master/manifests/t/Tonec/InternetDownloadManager/6.43.10/Tonec.InternetDownloadManager.locale.en-US.yaml","WinGet manifest","2026-10-01"
"TeraCopy","Files and utilities","daily_teracopy","WinGet","CodeSector.TeraCopy","https://ninite.com/; https://packagepicker.co/stats; https://patchmypc.com/product/home-updater/","Curated popular-request catalog; installation signal, not daily active users; Selection/install counts from one small self-selected service; not global usage; Common-app support catalog; availability signal only","Recurring use for a relevant audience is an editorial inference; daily active users not established","Audience-specific","Missing","Added","Files & Downloads","https://raw.githubusercontent.com/microsoft/winget-pkgs/master/manifests/c/CodeSector/TeraCopy/4.0.3.2/CodeSector.TeraCopy.installer.yaml","WinGet manifest; installation untested","2026-10-01"
"FreeFileSync","Files and utilities","daily_freefilesync","Guided","","https://freefilesync.org/download.php","Publisher/catalog availability only; usage not quantified","Recurring use for a relevant audience is an editorial inference; daily active users not established","Audience-specific","Missing","Added","Cloud & Backup","https://freefilesync.org/download.php","Official page reachable","2026-10-01"
"SyncBackFree","Files and utilities","daily_syncbackfree","Guided","","https://patchmypc.com/product/home-updater/","Common-app support catalog; availability signal only","Recurring use for a relevant audience is an editorial inference; daily active users not established","Audience-specific","Missing","Added","Cloud & Backup","https://www.2brightsparks.com/freeware/freeware-hub.html","Official page reachable","2026-10-01"
"Syncthing","Files and utilities","daily_syncthing","WinGet","Syncthing.Syncthing","https://packagepicker.co/stats","Selection/install counts from one small self-selected service; not global usage","Recurring use for a relevant audience is an editorial inference; daily active users not established","Audience-specific","Missing","Added","Cloud & Backup","https://raw.githubusercontent.com/microsoft/winget-pkgs/master/manifests/s/Syncthing/Syncthing/2.1.5/Syncthing.Syncthing.installer.yaml","WinGet manifest; installation untested","2026-10-01"
"Total Commander","Files and utilities","winutil_totalcommander","WinGet","Ghisler.TotalCommander","https://www.ghisler.com/","Publisher/catalog availability only; usage not quantified","Recurring use for a relevant audience is an editorial inference; daily active users not established","Already covered","Present","Present","Files & Downloads","https://raw.githubusercontent.com/microsoft/winget-pkgs/master/manifests/g/Ghisler/TotalCommander/11.58/Ghisler.TotalCommander.locale.en-US.yaml","WinGet manifest","2026-10-01"
"Double Commander","Files and utilities","daily_double_commander","WinGet","alexx2000.DoubleCommander","https://patchmypc.com/product/home-updater/","Common-app support catalog; availability signal only","Recurring use for a relevant audience is an editorial inference; daily active users not established","Audience-specific","Missing","Added","Files & Downloads","https://raw.githubusercontent.com/microsoft/winget-pkgs/master/manifests/a/alexx2000/DoubleCommander/1.2.9/alexx2000.DoubleCommander.installer.yaml","WinGet manifest; installation untested","2026-10-01"
"Bulk Rename Utility","Files and utilities","daily_bulk_rename_utility","WinGet","TGRMNSoftware.BulkRenameUtility","https://patchmypc.com/product/home-updater/","Common-app support catalog; availability signal only","Recurring use for a relevant audience is an editorial inference; daily active users not established","Audience-specific","Missing","Added","Files & Downloads","https://raw.githubusercontent.com/microsoft/winget-pkgs/master/manifests/t/TGRMNSoftware/BulkRenameUtility/4.1.0.1/TGRMNSoftware.BulkRenameUtility.installer.yaml","WinGet manifest; installation untested","2026-10-01"
"WinMerge","Files and utilities","daily_winmerge","WinGet","WinMerge.WinMerge","https://ninite.com/; https://patchmypc.com/product/home-updater/","Curated popular-request catalog; installation signal, not daily active users; Common-app support catalog; availability signal only","Recurring use for a relevant audience is an editorial inference; daily active users not established","Audience-specific","Missing","Added","Files & Downloads","https://raw.githubusercontent.com/microsoft/winget-pkgs/master/manifests/w/WinMerge/WinMerge/2.16.58.2/WinMerge.WinMerge.installer.yaml","WinGet manifest; installation untested","2026-10-01"
"TreeSize Free","Files and utilities","winutil_treesize","WinGet","JAMSoftware.TreeSize.Free","https://patchmypc.com/product/home-updater/","Common-app support catalog; availability signal only","Recurring use for a relevant audience is an editorial inference; daily active users not established","Already covered","Present","Present","Files & Downloads","https://raw.githubusercontent.com/microsoft/winget-pkgs/master/manifests/j/JAMSoftware/TreeSize/Free/4.8/JAMSoftware.TreeSize.Free.locale.en-US.yaml","WinGet manifest","2026-10-01"
"WizTree","Files and utilities","winutil_wiztree","WinGet","AntibodySoftware.WizTree","https://ninite.com/; https://packagepicker.co/stats; https://patchmypc.com/product/home-updater/","Curated popular-request catalog; installation signal, not daily active users; Selection/install counts from one small self-selected service; not global usage; Common-app support catalog; availability signal only","Recurring use for a relevant audience is an editorial inference; daily active users not established","Already covered","Present","Present","Files & Downloads","https://raw.githubusercontent.com/microsoft/winget-pkgs/master/manifests/a/AntibodySoftware/WizTree/4.32/AntibodySoftware.WizTree.locale.en-US.yaml","WinGet manifest","2026-10-01"
"Bitwarden","Security and cloud","extra_bitwarden","WinGet","Bitwarden.Bitwarden","https://packagepicker.co/stats; https://patchmypc.com/product/home-updater/; https://www.okta.com/reports/businesses-at-work-archive/businesses-at-work-2025/","Selection/install counts from one small self-selected service; not global usage; Common-app support catalog; availability signal only; Enterprise adoption; assigned users, not daily active usage","Recurring use for a relevant audience is an editorial inference; daily active users not established","Already covered","Present","Present","Security & Privacy","https://raw.githubusercontent.com/microsoft/winget-pkgs/master/manifests/b/Bitwarden/Bitwarden/2026.8.0/Bitwarden.Bitwarden.locale.en-US.yaml","Existing catalog metadata; not revalidated in this audit","2026-10-01"
"1Password","Security and cloud","winutil_1password","WinGet","AgileBits.1Password","https://1password.com/","Publisher/catalog availability only; usage not quantified","Recurring use for a relevant audience is an editorial inference; daily active users not established","Already covered","Present","Present","Security & Privacy","https://raw.githubusercontent.com/microsoft/winget-pkgs/master/manifests/a/AgileBits/1Password/8.12.36.40/AgileBits.1Password.locale.en-US.yaml","WinGet manifest","2026-10-01"
"KeePassXC","Security and cloud","extra_keepassxc","WinGet","KeePassXCTeam.KeePassXC","https://packagepicker.co/stats; https://patchmypc.com/product/home-updater/","Selection/install counts from one small self-selected service; not global usage; Common-app support catalog; availability signal only","Recurring use for a relevant audience is an editorial inference; daily active users not established","Already covered","Present","Present","Security & Privacy","https://raw.githubusercontent.com/microsoft/winget-pkgs/master/manifests/k/KeePassXCTeam/KeePassXC/2.7.12/KeePassXCTeam.KeePassXC.locale.en-US.yaml","Existing catalog metadata; not revalidated in this audit","2026-10-01"
"KeePass","Security and cloud","daily_keepass","WinGet","DominikReichl.KeePass","https://patchmypc.com/product/home-updater/","Common-app support catalog; availability signal only","Recurring use for a relevant audience is an editorial inference; daily active users not established","Audience-specific","Missing","Added","Security & Privacy","https://raw.githubusercontent.com/microsoft/winget-pkgs/master/manifests/d/DominikReichl/KeePass/2.61.1/DominikReichl.KeePass.installer.yaml","WinGet manifest; installation untested","2026-10-01"
"Malwarebytes","Security and cloud","daily_malwarebytes","WinGet","Malwarebytes.Malwarebytes","https://ninite.com/; https://patchmypc.com/product/home-updater/","Curated popular-request catalog; installation signal, not daily active users; Common-app support catalog; availability signal only","Recurring use for a relevant audience is an editorial inference; daily active users not established","High","Missing","Added","Security & Privacy","https://raw.githubusercontent.com/microsoft/winget-pkgs/master/manifests/m/Malwarebytes/Malwarebytes/5.7.1.346/Malwarebytes.Malwarebytes.installer.yaml","WinGet manifest; installation untested","2026-10-01"
"VeraCrypt","Security and cloud","daily_veracrypt","WinGet","IDRIX.VeraCrypt","https://patchmypc.com/product/home-updater/","Common-app support catalog; availability signal only","Recurring use for a relevant audience is an editorial inference; daily active users not established","Audience-specific","Missing","Added","Security & Privacy","https://raw.githubusercontent.com/microsoft/winget-pkgs/master/manifests/i/IDRIX/VeraCrypt/1.26.29/IDRIX.VeraCrypt.installer.yaml","WinGet manifest; installation untested","2026-10-01"
"Cryptomator","Security and cloud","daily_cryptomator","WinGet","Cryptomator.Cryptomator","https://patchmypc.com/product/home-updater/","Common-app support catalog; availability signal only","Recurring use for a relevant audience is an editorial inference; daily active users not established","Audience-specific","Missing","Added","Security & Privacy","https://raw.githubusercontent.com/microsoft/winget-pkgs/master/manifests/c/Cryptomator/Cryptomator/1.19.3/Cryptomator.Cryptomator.installer.yaml","WinGet manifest; installation untested","2026-10-01"
"Proton VPN","Security and cloud","app21","WinGet","Proton.ProtonVPN","https://patchmypc.com/product/home-updater/","Common-app support catalog; availability signal only","Recurring use for a relevant audience is an editorial inference; daily active users not established","Already covered","Present","Present","Security & Privacy","https://github.com/microsoft/winget-pkgs/tree/master/manifests/p/Proton/ProtonVPN","Existing catalog metadata; not revalidated in this audit","2026-10-01"
"Mullvad VPN","Security and cloud","winutil_mullvadvpn","WinGet","MullvadVPN.MullvadVPN","https://mullvad.net/","Publisher/catalog availability only; usage not quantified","Recurring use for a relevant audience is an editorial inference; daily active users not established","Already covered","Present","Present","Security & Privacy","https://raw.githubusercontent.com/microsoft/winget-pkgs/master/manifests/m/MullvadVPN/MullvadVPN/2026.4/MullvadVPN.MullvadVPN.locale.en-US.yaml","WinGet manifest","2026-10-01"
"Tailscale","Security and cloud","winutil_tailscale","WinGet","Tailscale.Tailscale","https://packagepicker.co/stats; https://www.okta.com/reports/businesses-at-work-archive/businesses-at-work-2025/","Selection/install counts from one small self-selected service; not global usage; Enterprise adoption; assigned users, not daily active usage","Recurring use for a relevant audience is an editorial inference; daily active users not established","Already covered","Present","Present","Network Tools","https://raw.githubusercontent.com/microsoft/winget-pkgs/master/manifests/t/Tailscale/Tailscale/1.102.4/Tailscale.Tailscale.locale.en-US.yaml","WinGet manifest","2026-10-01"
"OneDrive","Security and cloud","winutil_onedrive","WinGet","Microsoft.OneDrive","https://ninite.com/","Curated popular-request catalog; installation signal, not daily active users","Recurring use for a relevant audience is an editorial inference; daily active users not established","Already covered","Present","Present","Cloud & Backup","https://raw.githubusercontent.com/microsoft/winget-pkgs/master/manifests/m/Microsoft/OneDrive/26.150.0804.0011/Microsoft.OneDrive.locale.en-US.yaml","WinGet manifest","2026-10-01"
"Google Drive","Security and cloud","winutil_googledrive","WinGet","Google.GoogleDrive","https://packagepicker.co/stats","Selection/install counts from one small self-selected service; not global usage","Recurring use for a relevant audience is an editorial inference; daily active users not established","Already covered","Present","Present","Cloud & Backup","https://raw.githubusercontent.com/microsoft/winget-pkgs/master/manifests/g/Google/GoogleDrive/130.0.2.0/Google.GoogleDrive.locale.en-US.yaml","WinGet manifest","2026-10-01"
"Dropbox","Security and cloud","winutil_dropbox","WinGet","Dropbox.Dropbox","https://ninite.com/; https://packagepicker.co/stats; https://patchmypc.com/product/home-updater/","Curated popular-request catalog; installation signal, not daily active users; Selection/install counts from one small self-selected service; not global usage; Common-app support catalog; availability signal only","Recurring use for a relevant audience is an editorial inference; daily active users not established","Already covered","Present","Present","Cloud & Backup","https://raw.githubusercontent.com/microsoft/winget-pkgs/master/manifests/d/Dropbox/Dropbox/262.4.3183/Dropbox.Dropbox.locale.en-US.yaml","WinGet manifest","2026-10-01"
"Nextcloud Desktop","Security and cloud","extra_nextclouddesktop","WinGet","Nextcloud.NextcloudDesktop","https://packagepicker.co/stats; https://patchmypc.com/product/home-updater/","Selection/install counts from one small self-selected service; not global usage; Common-app support catalog; availability signal only","Recurring use for a relevant audience is an editorial inference; daily active users not established","Already covered","Present","Present","Cloud & Backup","https://raw.githubusercontent.com/microsoft/winget-pkgs/master/manifests/n/Nextcloud/NextcloudDesktop/34.0.3/Nextcloud.NextcloudDesktop.locale.en-US.yaml","Existing catalog metadata; not revalidated in this audit","2026-10-01"
"MEGAsync","Security and cloud","daily_megasync","WinGet","Mega.MEGASync","https://mega.nz/sync","Publisher/catalog availability only; usage not quantified","Recurring use for a relevant audience is an editorial inference; daily active users not established","Audience-specific","Missing","Added","Cloud & Backup","https://raw.githubusercontent.com/microsoft/winget-pkgs/master/manifests/m/Mega/MEGASync/6.6.2.0/Mega.MEGASync.installer.yaml","WinGet manifest; installation untested","2026-10-01"
"Steam","Gaming and device workflows","app14","WinGet","Valve.Steam","https://ninite.com/; https://packagepicker.co/stats; https://patchmypc.com/product/home-updater/","Curated popular-request catalog; installation signal, not daily active users; Selection/install counts from one small self-selected service; not global usage; Common-app support catalog; availability signal only","Recurring use for a relevant audience is an editorial inference; daily active users not established","Already covered","Present","Present","Gaming","https://github.com/microsoft/winget-pkgs/tree/master/manifests/v/Valve/Steam","Existing catalog metadata; not revalidated in this audit","2026-10-01"
"Epic Games Launcher","Gaming and device workflows","winutil_epicgames","WinGet","EpicGames.EpicGamesLauncher","https://ninite.com/; https://patchmypc.com/product/home-updater/","Curated popular-request catalog; installation signal, not daily active users; Common-app support catalog; availability signal only","Recurring use for a relevant audience is an editorial inference; daily active users not established","Already covered","Present","Present","Gaming","https://raw.githubusercontent.com/microsoft/winget-pkgs/master/manifests/e/EpicGames/EpicGamesLauncher/1.3.193.0/EpicGames.EpicGamesLauncher.locale.en-US.yaml","WinGet manifest","2026-10-01"
"GOG Galaxy","Gaming and device workflows","winutil_gog","WinGet","GOG.Galaxy","https://patchmypc.com/product/home-updater/","Common-app support catalog; availability signal only","Recurring use for a relevant audience is an editorial inference; daily active users not established","Already covered","Present","Present","Gaming","https://raw.githubusercontent.com/microsoft/winget-pkgs/master/manifests/g/GOG/Galaxy/2.1.8.30/GOG.Galaxy.locale.en-US.yaml","WinGet manifest","2026-10-01"
"EA App","Gaming and device workflows","winutil_eaapp","WinGet","ElectronicArts.EADesktop","https://patchmypc.com/product/home-updater/","Common-app support catalog; availability signal only","Recurring use for a relevant audience is an editorial inference; daily active users not established","Already covered","Present","Present","Gaming","https://raw.githubusercontent.com/microsoft/winget-pkgs/master/manifests/e/ElectronicArts/EADesktop/13.788.2.6298/ElectronicArts.EADesktop.locale.en-US.yaml","WinGet manifest","2026-10-01"
"Ubisoft Connect","Gaming and device workflows","winutil_ubisoft","WinGet","Ubisoft.Connect","https://patchmypc.com/product/home-updater/","Common-app support catalog; availability signal only","Recurring use for a relevant audience is an editorial inference; daily active users not established","Already covered","Present","Present","Gaming","https://raw.githubusercontent.com/microsoft/winget-pkgs/master/manifests/u/Ubisoft/Connect/173.1.0.13333/Ubisoft.Connect.locale.en-US.yaml","WinGet manifest","2026-10-01"
"Battle.net","Gaming and device workflows","winutil_battlenet","WinGet","Blizzard.BattleNet","https://patchmypc.com/product/home-updater/","Common-app support catalog; availability signal only","Recurring use for a relevant audience is an editorial inference; daily active users not established","Already covered","Present","Present","Gaming","https://raw.githubusercontent.com/microsoft/winget-pkgs/master/manifests/b/Blizzard/BattleNet/1.19.3.3219/Blizzard.BattleNet.locale.en-US.yaml","WinGet manifest","2026-10-01"
"Xbox","Gaming and device workflows","daily_xbox","Guided","","https://www.microsoft.com/en-us/store/most-popular/apps/pc","Store popularity snapshot; not daily active users","Recurring use for a relevant audience is an editorial inference; daily active users not established","High","Missing","Added","Gaming","https://www.xbox.com/en-US/apps/xbox-app-for-pc","Official page identified; automated fetch blocked: HTTP Error 301: Moved Permanently","2026-10-01"
"Roblox","Gaming and device workflows","winutil_roblox","WinGet","Roblox.Roblox","https://www.roblox.com/","Publisher/catalog availability only; usage not quantified","Recurring use for a relevant audience is an editorial inference; daily active users not established","Already covered","Present","Present","Gaming","https://raw.githubusercontent.com/microsoft/winget-pkgs/master/manifests/r/Roblox/Roblox/0.726/Roblox.Roblox.locale.en-US.yaml","WinGet manifest","2026-10-01"
"Prism Launcher","Gaming and device workflows","extra_prismlauncher","WinGet","PrismLauncher.PrismLauncher","https://prismlauncher.org/","Publisher/catalog availability only; usage not quantified","Recurring use for a relevant audience is an editorial inference; daily active users not established","Already covered","Present","Present","Gaming","https://raw.githubusercontent.com/microsoft/winget-pkgs/master/manifests/p/PrismLauncher/PrismLauncher/11.1.0/PrismLauncher.PrismLauncher.locale.en-US.yaml","Existing catalog metadata; not revalidated in this audit","2026-10-01"
"Heroic Games Launcher","Gaming and device workflows","extra_heroiclauncher","WinGet","HeroicGamesLauncher.HeroicGamesLauncher","https://heroicgameslauncher.com/","Publisher/catalog availability only; usage not quantified","Recurring use for a relevant audience is an editorial inference; daily active users not established","Already covered","Present","Present","Gaming","https://raw.githubusercontent.com/microsoft/winget-pkgs/master/manifests/h/HeroicGamesLauncher/HeroicGamesLauncher/2.22.2/HeroicGamesLauncher.HeroicGamesLauncher.locale.en-US.yaml","Existing catalog metadata; not revalidated in this audit","2026-10-01"
"Playnite","Gaming and device workflows","extra_playnite","WinGet","Playnite.Playnite","https://playnite.link/","Publisher/catalog availability only; usage not quantified","Recurring use for a relevant audience is an editorial inference; daily active users not established","Already covered","Present","Present","Gaming","https://raw.githubusercontent.com/microsoft/winget-pkgs/master/manifests/p/Playnite/Playnite/10.58/Playnite.Playnite.locale.en-US.yaml","Existing catalog metadata; not revalidated in this audit","2026-10-01"
"GeForce NOW","Gaming and device workflows","winutil_geforcenow","WinGet","Nvidia.GeForceNow","https://patchmypc.com/product/home-updater/","Common-app support catalog; availability signal only","Recurring use for a relevant audience is an editorial inference; daily active users not established","Already covered","Present","Present","Gaming","https://raw.githubusercontent.com/microsoft/winget-pkgs/master/manifests/n/Nvidia/GeForceNow/2.0.88.129/Nvidia.GeForceNow.locale.en-US.yaml","WinGet manifest","2026-10-01"
"Moonlight","Gaming and device workflows","extra_moonlight","WinGet","MoonlightGameStreamingProject.Moonlight","https://moonlight-stream.org/","Publisher/catalog availability only; usage not quantified","Recurring use for a relevant audience is an editorial inference; daily active users not established","Already covered","Present","Present","Gaming","https://raw.githubusercontent.com/microsoft/winget-pkgs/master/manifests/m/MoonlightGameStreamingProject/Moonlight/6.1.0.0/MoonlightGameStreamingProject.Moonlight.locale.en-US.yaml","Existing catalog metadata; not revalidated in this audit","2026-10-01"
"Sunshine","Gaming and device workflows","extra_sunshine","WinGet","LizardByte.Sunshine","https://app.lizardbyte.dev/Sunshine/","Publisher/catalog availability only; usage not quantified","Recurring use for a relevant audience is an editorial inference; daily active users not established","Already covered","Present","Present","Gaming","https://raw.githubusercontent.com/microsoft/winget-pkgs/master/manifests/l/LizardByte/Sunshine/2026.914.233613/LizardByte.Sunshine.locale.en-US.yaml","Existing catalog metadata; not revalidated in this audit","2026-10-01"
"Logitech G HUB","Gaming and device workflows","daily_logitech_g_hub","Guided","","https://patchmypc.com/product/home-updater/","Common-app support catalog; availability signal only","Recurring use for a relevant audience is an editorial inference; daily active users not established","Audience-specific","Missing","Added","Hardware & Drivers","https://www.logitechg.com/en-us/innovation/g-hub.html","Official page reachable","2026-10-01"
"Logi Options+","Gaming and device workflows","daily_logi_options","Guided","","https://patchmypc.com/product/home-updater/","Common-app support catalog; availability signal only","Recurring use for a relevant audience is an editorial inference; daily active users not established","Audience-specific","Missing","Added","Hardware & Drivers","https://www.logitech.com/en-us/software/logi-options-plus.html","Official page reachable","2026-10-01"
"Razer Synapse","Gaming and device workflows","daily_razer_synapse","Guided","","https://www.razer.com/synapse-4","Publisher/catalog availability only; usage not quantified","Recurring use for a relevant audience is an editorial inference; daily active users not established","Audience-specific","Missing","Added","Hardware & Drivers","https://www.razer.com/synapse-4","Official page reachable","2026-10-01"
"Corsair iCUE","Gaming and device workflows","daily_corsair_icue","Guided","","https://patchmypc.com/product/home-updater/","Common-app support catalog; availability signal only","Recurring use for a relevant audience is an editorial inference; daily active users not established","Audience-specific","Missing","Added","Hardware & Drivers","https://www.corsair.com/us/en/s/downloads","Official page reachable","2026-10-01"
"Bambu Studio","Gaming and device workflows","bambu","WinGet","Bambulab.Bambustudio","https://ninite.com/; https://patchmypc.com/product/home-updater/","Curated popular-request catalog; installation signal, not daily active users; Common-app support catalog; availability signal only","Recurring use for a relevant audience is an editorial inference; daily active users not established","Already covered","Present","Present","3D & CAD","https://github.com/microsoft/winget-pkgs/tree/master/manifests/b/Bambulab/Bambustudio","Existing catalog metadata; not revalidated in this audit","2026-10-01"
"UltiMaker Cura","Gaming and device workflows","daily_ultimaker_cura","WinGet","Ultimaker.Cura","https://ninite.com/; https://patchmypc.com/product/home-updater/","Curated popular-request catalog; installation signal, not daily active users; Common-app support catalog; availability signal only","Recurring use for a relevant audience is an editorial inference; daily active users not established","Audience-specific","Missing","Added","3D & CAD","https://raw.githubusercontent.com/microsoft/winget-pkgs/master/manifests/u/Ultimaker/Cura/5.13.0/Ultimaker.Cura.installer.yaml","WinGet manifest; installation untested","2026-10-01"
"Visual Studio Code","Development and technical work","vscode","WinGet","Microsoft.VisualStudioCode","https://packagepicker.co/stats","Selection/install counts from one small self-selected service; not global usage","Recurring use for a relevant audience is an editorial inference; daily active users not established","Already covered","Present","Present","Development","https://github.com/microsoft/winget-pkgs/tree/master/manifests/m/Microsoft/VisualStudioCode","Existing catalog metadata; not revalidated in this audit","2026-10-01"
"Visual Studio 2022","Development and technical work","winutil_visualstudio2022","WinGet","Microsoft.VisualStudio.2022.Community","https://visualstudio.microsoft.com/","Publisher/catalog availability only; usage not quantified","Recurring use for a relevant audience is an editorial inference; daily active users not established","Already covered","Present","Present","Development","https://raw.githubusercontent.com/microsoft/winget-pkgs/master/manifests/m/Microsoft/VisualStudio/2022/Community/17.14.40/Microsoft.VisualStudio.2022.Community.locale.en-US.yaml","WinGet manifest","2026-10-01"
"Git","Development and technical work","extra_git","WinGet","Git.Git","https://ninite.com/; https://packagepicker.co/stats; https://patchmypc.com/product/home-updater/","Curated popular-request catalog; installation signal, not daily active users; Selection/install counts from one small self-selected service; not global usage; Common-app support catalog; availability signal only","Recurring use for a relevant audience is an editorial inference; daily active users not established","Already covered","Present","Present","Development","https://raw.githubusercontent.com/microsoft/winget-pkgs/master/manifests/g/Git/Git/2.55.0/Git.Git.locale.en-US.yaml","Existing catalog metadata; not revalidated in this audit","2026-10-01"
"GitHub Desktop","Development and technical work","extra_githubdesktop","WinGet","GitHub.GitHubDesktop","https://patchmypc.com/product/home-updater/","Common-app support catalog; availability signal only","Recurring use for a relevant audience is an editorial inference; daily active users not established","Already covered","Present","Present","Development","https://raw.githubusercontent.com/microsoft/winget-pkgs/master/manifests/g/GitHub/GitHubDesktop/3.6.5/GitHub.GitHubDesktop.locale.en-US.yaml","Existing catalog metadata; not revalidated in this audit","2026-10-01"
"GitHub CLI","Development and technical work","extra_githubcli","WinGet","GitHub.cli","https://cli.github.com/","Publisher/catalog availability only; usage not quantified","Recurring use for a relevant audience is an editorial inference; daily active users not established","Already covered","Present","Present","Development","https://raw.githubusercontent.com/microsoft/winget-pkgs/master/manifests/g/GitHub/cli/2.100.0/GitHub.cli.locale.en-US.yaml","Existing catalog metadata; not revalidated in this audit","2026-10-01"
"Notepad++","Development and technical work","extra_notepadplus","WinGet","Notepad++.Notepad++","https://ninite.com/; https://packagepicker.co/stats; https://patchmypc.com/product/home-updater/; https://survey.stackoverflow.co/2025/technology","Curated popular-request catalog; installation signal, not daily active users; Selection/install counts from one small self-selected service; not global usage; Common-app support catalog; availability signal only; Developer survey; regular/past-year usage, not all Windows users","Recurring use for a relevant audience is an editorial inference; daily active users not established","Already covered","Present","Present","Development","https://raw.githubusercontent.com/microsoft/winget-pkgs/master/manifests/n/Notepad++/Notepad++/8.9/Notepad++.Notepad++.locale.en-US.yaml","Existing catalog metadata; not revalidated in this audit","2026-10-01"
"Sublime Text","Development and technical work","winutil_sublimetext","WinGet","SublimeHQ.SublimeText.4","https://survey.stackoverflow.co/2025/technology","Developer survey; regular/past-year usage, not all Windows users","Recurring use for a relevant audience is an editorial inference; daily active users not established","Already covered","Present","Present","Development","https://raw.githubusercontent.com/microsoft/winget-pkgs/master/manifests/s/SublimeHQ/SublimeText/4/4.0.0.420000/SublimeHQ.SublimeText.4.locale.en-US.yaml","WinGet manifest","2026-10-01"
"Cursor","Development and technical work","winutil_cursor","WinGet","Anysphere.Cursor","https://ninite.com/; https://survey.stackoverflow.co/2025/technology","Curated popular-request catalog; installation signal, not daily active users; Developer survey; regular/past-year usage, not all Windows users","Recurring use for a relevant audience is an editorial inference; daily active users not established","Already covered","Present","Present","Development","https://raw.githubusercontent.com/microsoft/winget-pkgs/master/manifests/a/Anysphere/Cursor/3.19.7/Anysphere.Cursor.locale.en-US.yaml","WinGet manifest","2026-10-01"
"Jetbrains Toolbox","Development and technical work","winutil_jetbrains","WinGet","JetBrains.Toolbox","https://survey.stackoverflow.co/2025/technology","Developer survey; regular/past-year usage, not all Windows users","Recurring use for a relevant audience is an editorial inference; daily active users not established","Already covered","Present","Present","Development","https://raw.githubusercontent.com/microsoft/winget-pkgs/master/manifests/j/JetBrains/Toolbox/3.8.0.0/JetBrains.Toolbox.locale.en-US.yaml","WinGet manifest","2026-10-01"
"PyCharm","Development and technical work","daily_pycharm","WinGet","JetBrains.PyCharm","https://survey.stackoverflow.co/2025/technology","Developer survey; regular/past-year usage, not all Windows users","Recurring use for a relevant audience is an editorial inference; daily active users not established","Audience-specific","Missing","Added","Development","https://raw.githubusercontent.com/microsoft/winget-pkgs/master/manifests/j/JetBrains/PyCharm/2026.2.3/JetBrains.PyCharm.installer.yaml","WinGet manifest; installation untested","2026-10-01"
"IntelliJ IDEA","Development and technical work","daily_intellij_idea","WinGet","JetBrains.IntelliJIDEA","https://survey.stackoverflow.co/2025/technology","Developer survey; regular/past-year usage, not all Windows users","Recurring use for a relevant audience is an editorial inference; daily active users not established","Audience-specific","Missing","Added","Development","https://raw.githubusercontent.com/microsoft/winget-pkgs/master/manifests/j/JetBrains/IntelliJIDEA/2026.2.3/JetBrains.IntelliJIDEA.installer.yaml","WinGet manifest; installation untested","2026-10-01"
"WebStorm","Development and technical work","daily_webstorm","WinGet","JetBrains.WebStorm","https://survey.stackoverflow.co/2025/technology","Developer survey; regular/past-year usage, not all Windows users","Recurring use for a relevant audience is an editorial inference; daily active users not established","Audience-specific","Missing","Added","Development","https://raw.githubusercontent.com/microsoft/winget-pkgs/master/manifests/j/JetBrains/WebStorm/2026.2.2/JetBrains.WebStorm.installer.yaml","WinGet manifest; installation untested","2026-10-01"
"Android Studio","Development and technical work","daily_android_studio","WinGet","Google.AndroidStudio","https://patchmypc.com/product/home-updater/; https://survey.stackoverflow.co/2025/technology","Common-app support catalog; availability signal only; Developer survey; regular/past-year usage, not all Windows users","Recurring use for a relevant audience is an editorial inference; daily active users not established","Audience-specific","Missing","Added","Development","https://raw.githubusercontent.com/microsoft/winget-pkgs/master/manifests/g/Google/AndroidStudio/2026.1.4.7/Google.AndroidStudio.installer.yaml","WinGet manifest; installation untested","2026-10-01"
"Eclipse","Development and technical work","daily_eclipse","Guided","","https://ninite.com/; https://survey.stackoverflow.co/2025/technology","Curated popular-request catalog; installation signal, not daily active users; Developer survey; regular/past-year usage, not all Windows users","Recurring use for a relevant audience is an editorial inference; daily active users not established","Audience-specific","Missing","Added","Development","https://www.eclipse.org/downloads/","Official page reachable","2026-10-01"
"Neovim","Development and technical work","extra_neovim","WinGet","Neovim.Neovim","https://survey.stackoverflow.co/2025/technology","Developer survey; regular/past-year usage, not all Windows users","Recurring use for a relevant audience is an editorial inference; daily active users not established","Already covered","Present","Present","Development","https://raw.githubusercontent.com/microsoft/winget-pkgs/master/manifests/n/Neovim/Neovim/0.12.5/Neovim.Neovim.locale.en-US.yaml","Existing catalog metadata; not revalidated in this audit","2026-10-01"
"Windows Terminal","Development and technical work","extra_terminal","WinGet","Microsoft.WindowsTerminal","https://www.microsoft.com/en-us/store/most-popular/apps/pc","Store popularity snapshot; not daily active users","Recurring use for a relevant audience is an editorial inference; daily active users not established","Already covered","Present","Present","Development","https://raw.githubusercontent.com/microsoft/winget-pkgs/master/manifests/m/Microsoft/WindowsTerminal/1.24.11911.0/Microsoft.WindowsTerminal.locale.en-US.yaml","Existing catalog metadata; not revalidated in this audit","2026-10-01"
"PowerShell","Development and technical work","extra_powershell","WinGet","Microsoft.PowerShell","https://packagepicker.co/stats; https://patchmypc.com/product/home-updater/; https://survey.stackoverflow.co/2025/technology","Selection/install counts from one small self-selected service; not global usage; Common-app support catalog; availability signal only; Developer survey; regular/past-year usage, not all Windows users","Recurring use for a relevant audience is an editorial inference; daily active users not established","Already covered","Present","Present","Development","https://raw.githubusercontent.com/microsoft/winget-pkgs/master/manifests/m/Microsoft/PowerShell/7.6.6.0/Microsoft.PowerShell.locale.en-US.yaml","Existing catalog metadata; not revalidated in this audit","2026-10-01"
"Python 3.14","Development and technical work","python","WinGet","Python.Python.3.14","https://ninite.com/; https://packagepicker.co/stats; https://patchmypc.com/product/home-updater/; https://survey.stackoverflow.co/2025/technology","Curated popular-request catalog; installation signal, not daily active users; Selection/install counts from one small self-selected service; not global usage; Common-app support catalog; availability signal only; Developer survey; regular/past-year usage, not all Windows users","Recurring use for a relevant audience is an editorial inference; daily active users not established","Already covered","Present","Present","Development","https://github.com/microsoft/winget-pkgs/tree/master/manifests/p/Python/Python/3/14","Existing catalog metadata; not revalidated in this audit","2026-10-01"
"Node.js LTS","Development and technical work","extra_nodejslts","WinGet","OpenJS.NodeJS.LTS","https://packagepicker.co/stats","Selection/install counts from one small self-selected service; not global usage","Recurring use for a relevant audience is an editorial inference; daily active users not established","Already covered","Present","Present","Development","https://raw.githubusercontent.com/microsoft/winget-pkgs/master/manifests/o/OpenJS/NodeJS/LTS/24.19.0/OpenJS.NodeJS.LTS.locale.en-US.yaml","Existing catalog metadata; not revalidated in this audit","2026-10-01"
"Go","Development and technical work","winutil_golang","WinGet","GoLang.Go","https://ninite.com/; https://packagepicker.co/stats; https://survey.stackoverflow.co/2025/technology","Curated popular-request catalog; installation signal, not daily active users; Selection/install counts from one small self-selected service; not global usage; Developer survey; regular/past-year usage, not all Windows users","Recurring use for a relevant audience is an editorial inference; daily active users not established","Already covered","Present","Present","Development","https://raw.githubusercontent.com/microsoft/winget-pkgs/master/manifests/g/GoLang/Go/1.27.0/GoLang.Go.locale.en-US.yaml","WinGet manifest","2026-10-01"
"Rust","Development and technical work","winutil_rustlang","WinGet","Rustlang.Rust.MSVC","https://packagepicker.co/stats","Selection/install counts from one small self-selected service; not global usage","Recurring use for a relevant audience is an editorial inference; daily active users not established","Already covered","Present","Present","Development","https://raw.githubusercontent.com/microsoft/winget-pkgs/master/manifests/r/Rustlang/Rust/MSVC/1.98.1/Rustlang.Rust.MSVC.locale.en-US.yaml","WinGet manifest","2026-10-01"
"Docker Desktop","Development and technical work","winutil_dockerdesktop","WinGet","Docker.DockerDesktop","https://patchmypc.com/product/home-updater/","Common-app support catalog; availability signal only","Recurring use for a relevant audience is an editorial inference; daily active users not established","Already covered","Present","Present","Development","https://raw.githubusercontent.com/microsoft/winget-pkgs/master/manifests/d/Docker/DockerDesktop/4.91.0/Docker.DockerDesktop.locale.en-US.yaml","WinGet manifest","2026-10-01"
"Postman","Development and technical work","winutil_postman","WinGet","Postman.Postman","https://patchmypc.com/product/home-updater/","Common-app support catalog; availability signal only","Recurring use for a relevant audience is an editorial inference; daily active users not established","Already covered","Present","Present","Development","https://raw.githubusercontent.com/microsoft/winget-pkgs/master/manifests/p/Postman/Postman/12.28.1/Postman.Postman.locale.en-US.yaml","WinGet manifest","2026-10-01"
"Bruno","Development and technical work","winutil_bruno","WinGet","Bruno.Bruno","https://www.usebruno.com/","Publisher/catalog availability only; usage not quantified","Recurring use for a relevant audience is an editorial inference; daily active users not established","Already covered","Present","Present","Development","https://raw.githubusercontent.com/microsoft/winget-pkgs/master/manifests/b/Bruno/Bruno/4.1.0/Bruno.Bruno.locale.en-US.yaml","WinGet manifest","2026-10-01"
"DBeaver","Development and technical work","daily_dbeaver","WinGet","DBeaver.DBeaver.Community","https://patchmypc.com/product/home-updater/","Common-app support catalog; availability signal only","Recurring use for a relevant audience is an editorial inference; daily active users not established","Audience-specific","Missing","Added","Development","https://raw.githubusercontent.com/microsoft/winget-pkgs/master/manifests/d/DBeaver/DBeaver/Community/26.2.0/DBeaver.DBeaver.Community.installer.yaml","WinGet manifest; installation untested","2026-10-01"
"HeidiSQL","Development and technical work","daily_heidisql","Guided","","https://patchmypc.com/product/home-updater/","Common-app support catalog; availability signal only","Recurring use for a relevant audience is an editorial inference; daily active users not established","Audience-specific","Missing","Added","Development","https://www.heidisql.com/download.php","Official page reachable","2026-10-01"
"SQL Server Management Studio","Development and technical work","daily_sql_server_management_studio","Guided","","https://patchmypc.com/product/home-updater/","Common-app support catalog; availability signal only","Recurring use for a relevant audience is an editorial inference; daily active users not established","Audience-specific","Missing","Added","Development","https://learn.microsoft.com/en-us/ssms/install/install","Official page reachable","2026-10-01"
"MySQL Workbench","Development and technical work","daily_mysql_workbench","Guided","","https://dev.mysql.com/downloads/workbench/","Publisher/catalog availability only; usage not quantified","Recurring use for a relevant audience is an editorial inference; daily active users not established","Audience-specific","Missing","Added","Development","https://dev.mysql.com/downloads/workbench/","Official page identified; automated fetch blocked: HTTP Error 403: Forbidden","2026-10-01"
"Arduino IDE","Development and technical work","daily_arduino_ide","Guided","","https://packagepicker.co/stats","App listing or installer selections; not daily active users","Recurring use for a relevant audience is an editorial inference; daily active users not established","Audience-specific","Missing","Added","Development","https://www.arduino.cc/en/software","Official page reachable","2026-10-01"
"Godot","Development and technical work","daily_godot","WinGet","GodotEngine.GodotEngine","https://packagepicker.co/stats","Selection/install counts from one small self-selected service; not global usage","Recurring use for a relevant audience is an editorial inference; daily active users not established","Audience-specific","Missing","Added","Development","https://raw.githubusercontent.com/microsoft/winget-pkgs/master/manifests/g/GodotEngine/GodotEngine/4.7.2/GodotEngine.GodotEngine.installer.yaml","WinGet manifest; installation untested","2026-10-01"
"Unity Game Engine","Development and technical work","winutil_unity","Guided","","https://packagepicker.co/stats; https://patchmypc.com/product/home-updater/","Selection/install counts from one small self-selected service; not global usage; Common-app support catalog; availability signal only","Recurring use for a relevant audience is an editorial inference; daily active users not established","Already covered","Present","Present","Development","https://unity.com/","Guided fallback: HTTP Error 403: rate limit exceeded","2026-10-01"
"Oracle VirtualBox","Development and technical work","winutil_ovirtualbox","WinGet","Oracle.VirtualBox","https://packagepicker.co/stats; https://patchmypc.com/product/home-updater/","Selection/install counts from one small self-selected service; not global usage; Common-app support catalog; availability signal only","Recurring use for a relevant audience is an editorial inference; daily active users not established","Already covered","Present","Present","Windows Utilities","https://raw.githubusercontent.com/microsoft/winget-pkgs/master/manifests/o/Oracle/VirtualBox/7.2.18/Oracle.VirtualBox.locale.en-US.yaml","WinGet manifest","2026-10-01"
"Wireshark","Development and technical work","extra_wireshark","WinGet","WiresharkFoundation.Wireshark","https://ninite.com/; https://packagepicker.co/stats; https://patchmypc.com/product/home-updater/","Curated popular-request catalog; installation signal, not daily active users; Selection/install counts from one small self-selected service; not global usage; Common-app support catalog; availability signal only","Recurring use for a relevant audience is an editorial inference; daily active users not established","Already covered","Present","Present","Network Tools","https://raw.githubusercontent.com/microsoft/winget-pkgs/master/manifests/w/WiresharkFoundation/Wireshark/4.6.8/WiresharkFoundation.Wireshark.locale.en-US.yaml","Existing catalog metadata; not revalidated in this audit","2026-10-01"
"PuTTY","Development and technical work","extra_putty","WinGet","PuTTY.PuTTY","https://ninite.com/; https://packagepicker.co/stats; https://patchmypc.com/product/home-updater/","Curated popular-request catalog; installation signal, not daily active users; Selection/install counts from one small self-selected service; not global usage; Common-app support catalog; availability signal only","Recurring use for a relevant audience is an editorial inference; daily active users not established","Already covered","Present","Present","Network Tools","https://raw.githubusercontent.com/microsoft/winget-pkgs/master/manifests/p/PuTTY/PuTTY/0.85.0.0/PuTTY.PuTTY.locale.en-US.yaml","Existing catalog metadata; not revalidated in this audit","2026-10-01"
"MobaXterm","Development and technical work","daily_mobaxterm","WinGet","Mobatek.MobaXterm","https://patchmypc.com/product/home-updater/","Common-app support catalog; availability signal only","Recurring use for a relevant audience is an editorial inference; daily active users not established","Audience-specific","Missing","Added","Network Tools","https://raw.githubusercontent.com/microsoft/winget-pkgs/master/manifests/m/Mobatek/MobaXterm/26.5.0.5542/Mobatek.MobaXterm.installer.yaml","WinGet manifest; installation untested","2026-10-01"
